Workbook

Sheet How to Use
B1: 🏆 FAMILY WORLD CUP CHALLENGE 2026 — Scoring Sheet
B3: HOW THIS WORKS
B4: Picks come in through the family group chat — you just transcribe them here, and everything scores automatically.
B5: Yellow cells are the only ones you ever type in. Everything else is calculated.
B7: THE TABS
B8: 1. Match Predictions — all 104 fixtures are pre-loaded (date, stage, group, teams). Type each person’s
B9: predicted score, then the actual final score in the two ACTUAL columns. Points fill in for everyone instantly.
B10: 2. Schedule — the full fixture list with venues and kickoff times (ET). Handy for the “make your picks” posts.
B11: 3. Tournament Picks — each person’s Champion / Runner-Up / 4 Semifinalists. Fill ACTUAL RESULTS up top
B12: as the tournament reaches those stages.
B13: 4. Leaderboard — fully automatic: totals, ranking, exact-score count, accuracy. Glance and post to the chat.
B15: SCORING (per match)
... B26: Rename or add players in the green name headers on Match Predictions; names flow to the other tabs automatically.

Sheet Match Predictions
A1: 🏆 MATCH PREDICTIONS — type each pick, then the actual score. Points are automatic.
A2: MATCH · ACTUAL RESULT | I2: Ewan | L2: Nana | O2: Emrys | R2: Nonno | U2: Nonna | X2: Boompa | AA2: Xavier | AD2: Autumn | AG2: River
A3: Match # | B3: Date | C3: Stage | D3: Group | E3: Home | F3: Away | G3: Act H | H3: Act A | I3: Pred H | J3: Pred A | K3: Pts | L3: Pred H | M3: Pred A | N3: Pts | O3: Pred H | P3: Pred A | Q3: Pts | R3: Pred H | S3: Pred A | T3: Pts | U3: Pred H | V3: Pred A | W3: Pts | X3: Pred H | Y3: Pred A | Z3: Pts | AA3: Pred H | AB3: Pred A | AC3: Pts | AD3: Pred H | AE3: Pred A | AF3: Pts | AG3: Pred H | AH3: Pred A | AI3: Pts | AJ3: Advancing (H/A)
A4: 1 | B4: 46184 | C4: Group Stage | D4: A | E4: Mexico | F4: South Africa | G4: 2 | H4: 0 | I4: 3 | J4: 1 | K4: =IF(OR(I4="",J4="",$G4="",$H4=""),0,IF(AND(I4=$G4,J4=$H4),8,IF(SIGN(I4-J4)=SIGN($G4-$H4),3,0))) -> 3 | L4: 2 | M4: 1 | N4: =IF(OR(L4="",M4="",$G4="",$H4=""),0,IF(AND(L4=$G4,M4=$H4),8,IF(SIGN(L4-M4)=SIGN($G4-$H4),3,0))) -> 3 | O4: 1 | P4: 0 | Q4: =IF(OR(O4="",P4="",$G4="",$H4=""),0,IF(AND(O4=$G4,P4=$H4),8,IF(SIGN(O4-P4)=SIGN($G4-$H4),3,0))) -> 3 | R4: 3 | S4: 0 | T4: =IF(OR(R4="",S4="",$G4="",$H4=""),0,IF(AND(R4=$G4,S4=$H4),8,IF(SIGN(R4-S4)=SIGN($G4-$H4),3,0))) -> 3 | W4: =IF(OR(U4="",V4="",$G4="",$H4=""),0,IF(AND(U4=$G4,V4=$H4),8,IF(SIGN(U4-V4)=SIGN($G4-$H4),3,0))) -> 0 | X4: 0 | Y4: 1 | Z4: =IF(OR(X4="",Y4="",$G4="",$H4=""),0,IF(AND(X4=$G4,Y4=$H4),8,IF(SIGN(X4-Y4)=SIGN($G4-$H4),3,0))) -> 0 | AA4: 2 | AB4: 0 | AC4: =IF(OR(AA4="",AB4="",$G4="",$H4=""),0,IF(AND(AA4=$G4,AB4=$H4),8,IF(SIGN(AA4-AB4)=SIGN($G4-$H4),3,0))) -> 8 | AD4: 2 | AE4: 0 | AF4: =IF(OR(AD4="",AE4="",$G4="",$H4=""),0,IF(AND(AD4=$G4,AE4=$H4),8,IF(SIGN(AD4-AE4)=SIGN($G4-$H4),3,0))) -> 8 | AG4: 2 | AH4: 1 | AI4: =IF(OR(AG4="",AH4="",$G4="",$H4=""),0,IF(AND(AG4=$G4,AH4=$H4),8,IF(SIGN(AG4-AH4)=SIGN($G4-$H4),3,0))) -> 3
A5: 2 | B5: 46184 | C5: Group Stage | D5: A | E5: South Korea | F5: Czechia | G5: 2 | H5: 1 | I5: 2 | J5: 1 | K5: =IF(OR(I5="",J5="",$G5="",$H5=""),0,IF(AND(I5=$G5,J5=$H5),8,IF(SIGN(I5-J5)=SIGN($G5-$H5),3,0))) -> 8 | L5: 2 | M5: 2 | N5: =IF(OR(L5="",M5="",$G5="",$H5=""),0,IF(AND(L5=$G5,M5=$H5),8,IF(SIGN(L5-M5)=SIGN($G5-$H5),3,0))) -> 0 | O5: 3 | P5: 1 | Q5: =IF(OR(O5="",P5="",$G5="",$H5=""),0,IF(AND(O5=$G5,P5=$H5),8,IF(SIGN(O5-P5)=SIGN($G5-$H5),3,0))) -> 3 | R5: 1 | S5: 2 | T5: =IF(OR(R5="",S5="",$G5="",$H5=""),0,IF(AND(R5=$G5,S5=$H5),8,IF(SIGN(R5-S5)=SIGN($G5-$H5),3,0))) -> 0 | U5: 2 | V5: 1 | W5: =IF(OR(U5="",V5="",$G5="",$H5=""),0,IF(AND(U5=$G5,V5=$H5),8,IF(SIGN(U5-V5)=SIGN($G5-$H5),3,0))) -> 8 | X5: 1 | Y5: 2 | Z5: =IF(OR(X5="",Y5="",$G5="",$H5=""),0,IF(AND(X5=$G5,Y5=$H5),8,IF(SIGN(X5-Y5)=SIGN($G5-$H5),3,0))) -> 0 | AA5: 2 | AB5: 1 | AC5: =IF(OR(AA5="",AB5="",$G5="",$H5=""),0,IF(AND(AA5=$G5,AB5=$H5),8,IF(SIGN(AA5-AB5)=SIGN($G5-$H5),3,0))) -> 8 | AD5: 1 | AE5: 1 | AF5: =IF(OR(AD5="",AE5="",$G5="",$H5=""),0,IF(AND(AD5=$G5,AE5=$H5),8,IF(SIGN(AD5-AE5)=SIGN($G5-$H5),3,0))) -> 0 | AG5: 1 | AH5: 2 | AI5: =IF(OR(AG5="",AH5="",$G5="",$H5=""),0,IF(AND(AG5=$G5,AH5=$H5),8,IF(SIGN(AG5-AH5)=SIGN($G5-$H5),3,0))) -> 0
A6: 3 | B6: 46185 | C6: Group Stage | D6: B | E6: Canada | F6: Bosnia and Herzegovina | G6: 1 | H6: 1 | I6: 2 | J6: 1 | K6: =IF(OR(I6="",J6="",$G6="",$H6=""),0,IF(AND(I6=$G6,J6=$H6),8,IF(SIGN(I6-J6)=SIGN($G6-$H6),3,0))) -> 0 | L6: 1 | M6: 1 | N6: =IF(OR(L6="",M6="",$G6="",$H6=""),0,IF(AND(L6=$G6,M6=$H6),8,IF(SIGN(L6-M6)=SIGN($G6-$H6),3,0))) -> 8 | O6: 2 | P6: 2 | Q6: =IF(OR(O6="",P6="",$G6="",$H6=""),0,IF(AND(O6=$G6,P6=$H6),8,IF(SIGN(O6-P6)=SIGN($G6-$H6),3,0))) -> 3 | R6: 1 | S6: 1 | T6: =IF(OR(R6="",S6="",$G6="",$H6=""),0,IF(AND(R6=$G6,S6=$H6),8,IF(SIGN(R6-S6)=SIGN($G6-$H6),3,0))) -> 8 | U6: 1 | V6: 0 | W6: =IF(OR(U6="",V6="",$G6="",$H6=""),0,IF(AND(U6=$G6,V6=$H6),8,IF(SIGN(U6-V6)=SIGN($G6-$H6),3,0))) -> 0 | X6: 3 | Y6: 0 | Z6: =IF(OR(X6="",Y6="",$G6="",$H6=""),0,IF(AND(X6=$G6,Y6=$H6),8,IF(SIGN(X6-Y6)=SIGN($G6-$H6),3,0))) -> 0 | AA6: 1 | AB6: 1 | AC6: =IF(OR(AA6="",AB6="",$G6="",$H6=""),0,IF(AND(AA6=$G6,AB6=$H6),8,IF(SIGN(AA6-AB6)=SIGN($G6-$H6),3,0))) -> 8 | AD6: 2 | AE6: 0 | AF6: =IF(OR(AD6="",AE6="",$G6="",$H6=""),0,IF(AND(AD6=$G6,AE6=$H6),8,IF(SIGN(AD6-AE6)=SIGN($G6-$H6),3,0))) -> 0 | AG6: 1 | AH6: 0 | AI6: =IF(OR(AG6="",AH6="",$G6="",$H6=""),0,IF(AND(AG6=$G6,AH6=$H6),8,IF(SIGN(AG6-AH6)=SIGN($G6-$H6),3,0))) -> 0
A7: 4 | B7: 46185 | C7: Group Stage | D7: D | E7: USA | F7: Paraguay | G7: 4 | H7: 1 | I7: 2 | J7: 0 | K7: =IF(OR(I7="",J7="",$G7="",$H7=""),0,IF(AND(I7=$G7,J7=$H7),8,IF(SIGN(I7-J7)=SIGN($G7-$H7),3,0))) -> 3 | L7: 2 | M7: 0 | N7: =IF(OR(L7="",M7="",$G7="",$H7=""),0,IF(AND(L7=$G7,M7=$H7),8,IF(SIGN(L7-M7)=SIGN($G7-$H7),3,0))) -> 3 | O7: 1 | P7: 2 | Q7: =IF(OR(O7="",P7="",$G7="",$H7=""),0,IF(AND(O7=$G7,P7=$H7),8,IF(SIGN(O7-P7)=SIGN($G7-$H7),3,0))) -> 0 | R7: 3 | S7: 1 | T7: =IF(OR(R7="",S7="",$G7="",$H7=""),0,IF(AND(R7=$G7,S7=$H7),8,IF(SIGN(R7-S7)=SIGN($G7-$H7),3,0))) -> 3 | U7: 2 | V7: 1 | W7: =IF(OR(U7="",V7="",$G7="",$H7=""),0,IF(AND(U7=$G7,V7=$H7),8,IF(SIGN(U7-V7)=SIGN($G7-$H7),3,0))) -> 3 | X7: 1 | Y7: 1 | Z7: =IF(OR(X7="",Y7="",$G7="",$H7=""),0,IF(AND(X7=$G7,Y7=$H7),8,IF(SIGN(X7-Y7)=SIGN($G7-$H7),3,0))) -> 0 | AA7: 2 | AB7: 1 | AC7: =IF(OR(AA7="",AB7="",$G7="",$H7=""),0,IF(AND(AA7=$G7,AB7=$H7),8,IF(SIGN(AA7-AB7)=SIGN($G7-$H7),3,0))) -> 3 | AD7: 1 | AE7: 1 | AF7: =IF(OR(AD7="",AE7="",$G7="",$H7=""),0,IF(AND(AD7=$G7,AE7=$H7),8,IF(SIGN(AD7-AE7)=SIGN($G7-$H7),3,0))) -> 0 | AG7: 2 | AH7: 1 | AI7: =IF(OR(AG7="",AH7="",$G7="",$H7=""),0,IF(AND(AG7=$G7,AH7=$H7),8,IF(SIGN(AG7-AH7)=SIGN($G7-$H7),3,0))) -> 3
A8: 5 | B8: 46186 | C8: Group Stage | D8: B | E8: Qatar | F8: Switzerland | I8: 0 | J8: 2 | K8: =IF(OR(I8="",J8="",$G8="",$H8=""),0,IF(AND(I8=$G8,J8=$H8),8,IF(SIGN(I8-J8)=SIGN($G8-$H8),3,0))) -> 0 | N8: =IF(OR(L8="",M8="",$G8="",$H8=""),0,IF(AND(L8=$G8,M8=$H8),8,IF(SIGN(L8-M8)=SIGN($G8-$H8),3,0))) -> 0 | Q8: =IF(OR(O8="",P8="",$G8="",$H8=""),0,IF(AND(O8=$G8,P8=$H8),8,IF(SIGN(O8-P8)=SIGN($G8-$H8),3,0))) -> 0 | R8: 0 | S8: 4 | T8: =IF(OR(R8="",S8="",$G8="",$H8=""),0,IF(AND(R8=$G8,S8=$H8),8,IF(SIGN(R8-S8)=SIGN($G8-$H8),3,0))) -> 0 | W8: =IF(OR(U8="",V8="",$G8="",$H8=""),0,IF(AND(U8=$G8,V8=$H8),8,IF(SIGN(U8-V8)=SIGN($G8-$H8),3,0))) -> 0 | X8: 0 | Y8: 1 | Z8: =IF(OR(X8="",Y8="",$G8="",$H8=""),0,IF(AND(X8=$G8,Y8=$H8),8,IF(SIGN(X8-Y8)=SIGN($G8-$H8),3,0))) -> 0 | AC8: =IF(OR(AA8="",AB8="",$G8="",$H8=""),0,IF(AND(AA8=$G8,AB8=$H8),8,IF(SIGN(AA8-AB8)=SIGN($G8-$H8),3,0))) -> 0 | AF8: =IF(OR(AD8="",AE8="",$G8="",$H8=""),0,IF(AND(AD8=$G8,AE8=$H8),8,IF(SIGN(AD8-AE8)=SIGN($G8-$H8),3,0))) -> 0 | AI8: =IF(OR(AG8="",AH8="",$G8="",$H8=""),0,IF(AND(AG8=$G8,AH8=$H8),8,IF(SIGN(AG8-AH8)=SIGN($G8-$H8),3,0))) -> 0
A9: 6 | B9: 46186 | C9: Group Stage | D9: C | E9: Brazil | F9: Morocco | I9: 3 | J9: 1 | K9: =IF(OR(I9="",J9="",$G9="",$H9=""),0,IF(AND(I9=$G9,J9=$H9),8,IF(SIGN(I9-J9)=SIGN($G9-$H9),3,0))) -> 0 | N9: =IF(OR(L9="",M9="",$G9="",$H9=""),0,IF(AND(L9=$G9,M9=$H9),8,IF(SIGN(L9-M9)=SIGN($G9-$H9),3,0))) -> 0 | Q9: =IF(OR(O9="",P9="",$G9="",$H9=""),0,IF(AND(O9=$G9,P9=$H9),8,IF(SIGN(O9-P9)=SIGN($G9-$H9),3,0))) -> 0 | R9: 3 | S9: 1 | T9: =IF(OR(R9="",S9="",$G9="",$H9=""),0,IF(AND(R9=$G9,S9=$H9),8,IF(SIGN(R9-S9)=SIGN($G9-$H9),3,0))) -> 0 | W9: =IF(OR(U9="",V9="",$G9="",$H9=""),0,IF(AND(U9=$G9,V9=$H9),8,IF(SIGN(U9-V9)=SIGN($G9-$H9),3,0))) -> 0 | X9: 3 | Y9: 1 | Z9: =IF(OR(X9="",Y9="",$G9="",$H9=""),0,IF(AND(X9=$G9,Y9=$H9),8,IF(SIGN(X9-Y9)=SIGN($G9-$H9),3,0))) -> 0 | AC9: =IF(OR(AA9="",AB9="",$G9="",$H9=""),0,IF(AND(AA9=$G9,AB9=$H9),8,IF(SIGN(AA9-AB9)=SIGN($G9-$H9),3,0))) -> 0 | AF9: =IF(OR(AD9="",AE9="",$G9="",$H9=""),0,IF(AND(AD9=$G9,AE9=$H9),8,IF(SIGN(AD9-AE9)=SIGN($G9-$H9),3,0))) -> 0 | AI9: =IF(OR(AG9="",AH9="",$G9="",$H9=""),0,IF(AND(AG9=$G9,AH9=$H9),8,IF(SIGN(AG9-AH9)=SIGN($G9-$H9),3,0))) -> 0
A10: 7 | B10: 46186 | C10: Group Stage | D10: C | E10: Haiti | F10: Scotland | I10: 0 | J10: 2 | K10: =IF(OR(I10="",J10="",$G10="",$H10=""),0,IF(AND(I10=$G10,J10=$H10),8,IF(SIGN(I10-J10)=SIGN($G10-$H10),3,0))) -> 0 | N10: =IF(OR(L10="",M10="",$G10="",$H10=""),0,IF(AND(L10=$G10,M10=$H10),8,IF(SIGN(L10-M10)=SIGN($G10-$H10),3,0))) -> 0 | Q10: =IF(OR(O10="",P10="",$G10="",$H10=""),0,IF(AND(O10=$G10,P10=$H10),8,IF(SIGN(O10-P10)=SIGN($G10-$H10),3,0))) -> 0 | R10: 0 | S10: 4 | T10: =IF(OR(R10="",S10="",$G10="",$H10=""),0,IF(AND(R10=$G10,S10=$H10),8,IF(SIGN(R10-S10)=SIGN($G10-$H10),3,0))) -> 0 | W10: =IF(OR(U10="",V10="",$G10="",$H10=""),0,IF(AND(U10=$G10,V10=$H10),8,IF(SIGN(U10-V10)=SIGN($G10-$H10),3,0))) -> 0 | X10: 0 | Y10: 1 | Z10: =IF(OR(X10="",Y10="",$G10="",$H10=""),0,IF(AND(X10=$G10,Y10=$H10),8,IF(SIGN(X10-Y10)=SIGN($G10-$H10),3,0))) -> 0 | AC10: =IF(OR(AA10="",AB10="",$G10="",$H10=""),0,IF(AND(AA10=$G10,AB10=$H10),8,IF(SIGN(AA10-AB10)=SIGN($G10-$H10),3,0))) -> 0 | AF10: =IF(OR(AD10="",AE10="",$G10="",$H10=""),0,IF(AND(AD10=$G10,AE10=$H10),8,IF(SIGN(AD10-AE10)=SIGN($G10-$H10),3,0))) -> 0 | AI10: =IF(OR(AG10="",AH10="",$G10="",$H10=""),0,IF(AND(AG10=$G10,AH10=$H10),8,IF(SIGN(AG10-AH10)=SIGN($G10-$H10),3,0))) -> 0
A11: 8 | B11: 46186 | C11: Group Stage | D11: D | E11: Australia | F11: Türkiye | I11: 0 | J11: 1 | K11: =IF(OR(I11="",J11="",$G11="",$H11=""),0,IF(AND(I11=$G11,J11=$H11),8,IF(SIGN(I11-J11)=SIGN($G11-$H11),3,0))) -> 0 | N11: =IF(OR(L11="",M11="",$G11="",$H11=""),0,IF(AND(L11=$G11,M11=$H11),8,IF(SIGN(L11-M11)=SIGN($G11-$H11),3,0))) -> 0 | Q11: =IF(OR(O11="",P11="",$G11="",$H11=""),0,IF(AND(O11=$G11,P11=$H11),8,IF(SIGN(O11-P11)=SIGN($G11-$H11),3,0))) -> 0 | R11: 1 | S11: 3 | T11: =IF(OR(R11="",S11="",$G11="",$H11=""),0,IF(AND(R11=$G11,S11=$H11),8,IF(SIGN(R11-S11)=SIGN($G11-$H11),3,0))) -> 0 | W11: =IF(OR(U11="",V11="",$G11="",$H11=""),0,IF(AND(U11=$G11,V11=$H11),8,IF(SIGN(U11-V11)=SIGN($G11-$H11),3,0))) -> 0 | X11: 1 | Y11: 3 | Z11: =IF(OR(X11="",Y11="",$G11="",$H11=""),0,IF(AND(X11=$G11,Y11=$H11),8,IF(SIGN(X11-Y11)=SIGN($G11-$H11),3,0))) -> 0 | AC11: =IF(OR(AA11="",AB11="",$G11="",$H11=""),0,IF(AND(AA11=$G11,AB11=$H11),8,IF(SIGN(AA11-AB11)=SIGN($G11-$H11),3,0))) -> 0 | AF11: =IF(OR(AD11="",AE11="",$G11="",$H11=""),0,IF(AND(AD11=$G11,AE11=$H11),8,IF(SIGN(AD11-AE11)=SIGN($G11-$H11),3,0))) -> 0 | AI11: =IF(OR(AG11="",AH11="",$G11="",$H11=""),0,IF(AND(AG11=$G11,AH11=$H11),8,IF(SIGN(AG11-AH11)=SIGN($G11-$H11),3,0))) -> 0
A12: 9 | B12: 46187 | C12: Group Stage | D12: E | E12: Germany | F12: Curaçao | K12: =IF(OR(I12="",J12="",$G12="",$H12=""),0,IF(AND(I12=$G12,J12=$H12),8,IF(SIGN(I12-J12)=SIGN($G12-$H12),3,0))) -> 0 | N12: =IF(OR(L12="",M12="",$G12="",$H12=""),0,IF(AND(L12=$G12,M12=$H12),8,IF(SIGN(L12-M12)=SIGN($G12-$H12),3,0))) -> 0 | Q12: =IF(OR(O12="",P12="",$G12="",$H12=""),0,IF(AND(O12=$G12,P12=$H12),8,IF(SIGN(O12-P12)=SIGN($G12-$H12),3,0))) -> 0 | R12: 7 | S12: 0 | T12: =IF(OR(R12="",S12="",$G12="",$H12=""),0,IF(AND(R12=$G12,S12=$H12),8,IF(SIGN(R12-S12)=SIGN($G12-$H12),3,0))) -> 0 | W12: =IF(OR(U12="",V12="",$G12="",$H12=""),0,IF(AND(U12=$G12,V12=$H12),8,IF(SIGN(U12-V12)=SIGN($G12-$H12),3,0))) -> 0 | X12: 3 | Y12: 0 | Z12: =IF(OR(X12="",Y12="",$G12="",$H12=""),0,IF(AND(X12=$G12,Y12=$H12),8,IF(SIGN(X12-Y12)=SIGN($G12-$H12),3,0))) -> 0 | AC12: =IF(OR(AA12="",AB12="",$G12="",$H12=""),0,IF(AND(AA12=$G12,AB12=$H12),8,IF(SIGN(AA12-AB12)=SIGN($G12-$H12),3,0))) -> 0 | AF12: =IF(OR(AD12="",AE12="",$G12="",$H12=""),0,IF(AND(AD12=$G12,AE12=$H12),8,IF(SIGN(AD12-AE12)=SIGN($G12-$H12),3,0))) -> 0 | AI12: =IF(OR(AG12="",AH12="",$G12="",$H12=""),0,IF(AND(AG12=$G12,AH12=$H12),8,IF(SIGN(AG12-AH12)=SIGN($G12-$H12),3,0))) -> 0
A13: 10 | B13: 46187 | C13: Group Stage | D13: F | E13: Netherlands | F13: Japan | K13: =IF(OR(I13="",J13="",$G13="",$H13=""),0,IF(AND(I13=$G13,J13=$H13),8,IF(SIGN(I13-J13)=SIGN($G13-$H13),3,0))) -> 0 | N13: =IF(OR(L13="",M13="",$G13="",$H13=""),0,IF(AND(L13=$G13,M13=$H13),8,IF(SIGN(L13-M13)=SIGN($G13-$H13),3,0))) -> 0 | Q13: =IF(OR(O13="",P13="",$G13="",$H13=""),0,IF(AND(O13=$G13,P13=$H13),8,IF(SIGN(O13-P13)=SIGN($G13-$H13),3,0))) -> 0 | R13: 2 | S13: 1 | T13: =IF(OR(R13="",S13="",$G13="",$H13=""),0,IF(AND(R13=$G13,S13=$H13),8,IF(SIGN(R13-S13)=SIGN($G13-$H13),3,0))) -> 0 | W13: =IF(OR(U13="",V13="",$G13="",$H13=""),0,IF(AND(U13=$G13,V13=$H13),8,IF(SIGN(U13-V13)=SIGN($G13-$H13),3,0))) -> 0 | X13: 1 | Y13: 1 | Z13: =IF(OR(X13="",Y13="",$G13="",$H13=""),0,IF(AND(X13=$G13,Y13=$H13),8,IF(SIGN(X13-Y13)=SIGN($G13-$H13),3,0))) -> 0 | AC13: =IF(OR(AA13="",AB13="",$G13="",$H13=""),0,IF(AND(AA13=$G13,AB13=$H13),8,IF(SIGN(AA13-AB13)=SIGN($G13-$H13),3,0))) -> 0 | AF13: =IF(OR(AD13="",AE13="",$G13="",$H13=""),0,IF(AND(AD13=$G13,AE13=$H13),8,IF(SIGN(AD13-AE13)=SIGN($G13-$H13),3,0))) -> 0 | AI13: =IF(OR(AG13="",AH13="",$G13="",$H13=""),0,IF(AND(AG13=$G13,AH13=$H13),8,IF(SIGN(AG13-AH13)=SIGN($G13-$H13),3,0))) -> 0
A14: 11 | B14: 46187 | C14: Group Stage | D14: E | E14: Ivory Coast | F14: Ecuador | K14: =IF(OR(I14="",J14="",$G14="",$H14=""),0,IF(AND(I14=$G14,J14=$H14),8,IF(SIGN(I14-J14)=SIGN($G14-$H14),3,0))) -> 0 | N14: =IF(OR(L14="",M14="",$G14="",$H14=""),0,IF(AND(L14=$G14,M14=$H14),8,IF(SIGN(L14-M14)=SIGN($G14-$H14),3,0))) -> 0 | Q14: =IF(OR(O14="",P14="",$G14="",$H14=""),0,IF(AND(O14=$G14,P14=$H14),8,IF(SIGN(O14-P14)=SIGN($G14-$H14),3,0))) -> 0 | T14: =IF(OR(R14="",S14="",$G14="",$H14=""),0,IF(AND(R14=$G14,S14=$H14),8,IF(SIGN(R14-S14)=SIGN($G14-$H14),3,0))) -> 0 | W14: =IF(OR(U14="",V14="",$G14="",$H14=""),0,IF(AND(U14=$G14,V14=$H14),8,IF(SIGN(U14-V14)=SIGN($G14-$H14),3,0))) -> 0 | X14: 1 | Y14: 2 | Z14: =IF(OR(X14="",Y14="",$G14="",$H14=""),0,IF(AND(X14=$G14,Y14=$H14),8,IF(SIGN(X14-Y14)=SIGN($G14-$H14),3,0))) -> 0 | AC14: =IF(OR(AA14="",AB14="",$G14="",$H14=""),0,IF(AND(AA14=$G14,AB14=$H14),8,IF(SIGN(AA14-AB14)=SIGN($G14-$H14),3,0))) -> 0 | AF14: =IF(OR(AD14="",AE14="",$G14="",$H14=""),0,IF(AND(AD14=$G14,AE14=$H14),8,IF(SIGN(AD14-AE14)=SIGN($G14-$H14),3,0))) -> 0 | AI14: =IF(OR(AG14="",AH14="",$G14="",$H14=""),0,IF(AND(AG14=$G14,AH14=$H14),8,IF(SIGN(AG14-AH14)=SIGN($G14-$H14),3,0))) -> 0
A15: 12 | B15: 46187 | C15: Group Stage | D15: F | E15: Tunisia | F15: Sweden | K15: =IF(OR(I15="",J15="",$G15="",$H15=""),0,IF(AND(I15=$G15,J15=$H15),8,IF(SIGN(I15-J15)=SIGN($G15-$H15),3,0))) -> 0 | N15: =IF(OR(L15="",M15="",$G15="",$H15=""),0,IF(AND(L15=$G15,M15=$H15),8,IF(SIGN(L15-M15)=SIGN($G15-$H15),3,0))) -> 0 | Q15: =IF(OR(O15="",P15="",$G15="",$H15=""),0,IF(AND(O15=$G15,P15=$H15),8,IF(SIGN(O15-P15)=SIGN($G15-$H15),3,0))) -> 0 | T15: =IF(OR(R15="",S15="",$G15="",$H15=""),0,IF(AND(R15=$G15,S15=$H15),8,IF(SIGN(R15-S15)=SIGN($G15-$H15),3,0))) -> 0 | W15: =IF(OR(U15="",V15="",$G15="",$H15=""),0,IF(AND(U15=$G15,V15=$H15),8,IF(SIGN(U15-V15)=SIGN($G15-$H15),3,0))) -> 0 | X15: 0 | Y15: 1 | Z15: =IF(OR(X15="",Y15="",$G15="",$H15=""),0,IF(AND(X15=$G15,Y15=$H15),8,IF(SIGN(X15-Y15)=SIGN($G15-$H15),3,0))) -> 0 | AC15: =IF(OR(AA15="",AB15="",$G15="",$H15=""),0,IF(AND(AA15=$G15,AB15=$H15),8,IF(SIGN(AA15-AB15)=SIGN($G15-$H15),3,0))) -> 0 | AF15: =IF(OR(AD15="",AE15="",$G15="",$H15=""),0,IF(AND(AD15=$G15,AE15=$H15),8,IF(SIGN(AD15-AE15)=SIGN($G15-$H15),3,0))) -> 0 | AI15: =IF(OR(AG15="",AH15="",$G15="",$H15=""),0,IF(AND(AG15=$G15,AH15=$H15),8,IF(SIGN(AG15-AH15)=SIGN($G15-$H15),3,0))) -> 0
A16: 13 | B16: 46188 | C16: Group Stage | D16: H | E16: Spain | F16: Cape Verde | K16: =IF(OR(I16="",J16="",$G16="",$H16=""),0,IF(AND(I16=$G16,J16=$H16),8,IF(SIGN(I16-J16)=SIGN($G16-$H16),3,0))) -> 0 | N16: =IF(OR(L16="",M16="",$G16="",$H16=""),0,IF(AND(L16=$G16,M16=$H16),8,IF(SIGN(L16-M16)=SIGN($G16-$H16),3,0))) -> 0 | Q16: =IF(OR(O16="",P16="",$G16="",$H16=""),0,IF(AND(O16=$G16,P16=$H16),8,IF(SIGN(O16-P16)=SIGN($G16-$H16),3,0))) -> 0 | T16: =IF(OR(R16="",S16="",$G16="",$H16=""),0,IF(AND(R16=$G16,S16=$H16),8,IF(SIGN(R16-S16)=SIGN($G16-$H16),3,0))) -> 0 | W16: =IF(OR(U16="",V16="",$G16="",$H16=""),0,IF(AND(U16=$G16,V16=$H16),8,IF(SIGN(U16-V16)=SIGN($G16-$H16),3,0))) -> 0 | X16: 3 | Y16: 0 | Z16: =IF(OR(X16="",Y16="",$G16="",$H16=""),0,IF(AND(X16=$G16,Y16=$H16),8,IF(SIGN(X16-Y16)=SIGN($G16-$H16),3,0))) -> 0 | AC16: =IF(OR(AA16="",AB16="",$G16="",$H16=""),0,IF(AND(AA16=$G16,AB16=$H16),8,IF(SIGN(AA16-AB16)=SIGN($G16-$H16),3,0))) -> 0 | AF16: =IF(OR(AD16="",AE16="",$G16="",$H16=""),0,IF(AND(AD16=$G16,AE16=$H16),8,IF(SIGN(AD16-AE16)=SIGN($G16-$H16),3,0))) -> 0 | AI16: =IF(OR(AG16="",AH16="",$G16="",$H16=""),0,IF(AND(AG16=$G16,AH16=$H16),8,IF(SIGN(AG16-AH16)=SIGN($G16-$H16),3,0))) -> 0
A17: 14 | B17: 46188 | C17: Group Stage | D17: G | E17: Belgium | F17: Egypt | K17: =IF(OR(I17="",J17="",$G17="",$H17=""),0,IF(AND(I17=$G17,J17=$H17),8,IF(SIGN(I17-J17)=SIGN($G17-$H17),3,0))) -> 0 | N17: =IF(OR(L17="",M17="",$G17="",$H17=""),0,IF(AND(L17=$G17,M17=$H17),8,IF(SIGN(L17-M17)=SIGN($G17-$H17),3,0))) -> 0 | Q17: =IF(OR(O17="",P17="",$G17="",$H17=""),0,IF(AND(O17=$G17,P17=$H17),8,IF(SIGN(O17-P17)=SIGN($G17-$H17),3,0))) -> 0 | T17: =IF(OR(R17="",S17="",$G17="",$H17=""),0,IF(AND(R17=$G17,S17=$H17),8,IF(SIGN(R17-S17)=SIGN($G17-$H17),3,0))) -> 0 | W17: =IF(OR(U17="",V17="",$G17="",$H17=""),0,IF(AND(U17=$G17,V17=$H17),8,IF(SIGN(U17-V17)=SIGN($G17-$H17),3,0))) -> 0 | X17: 3 | Y17: 2 | Z17: =IF(OR(X17="",Y17="",$G17="",$H17=""),0,IF(AND(X17=$G17,Y17=$H17),8,IF(SIGN(X17-Y17)=SIGN($G17-$H17),3,0))) -> 0 | AC17: =IF(OR(AA17="",AB17="",$G17="",$H17=""),0,IF(AND(AA17=$G17,AB17=$H17),8,IF(SIGN(AA17-AB17)=SIGN($G17-$H17),3,0))) -> 0 | AF17: =IF(OR(AD17="",AE17="",$G17="",$H17=""),0,IF(AND(AD17=$G17,AE17=$H17),8,IF(SIGN(AD17-AE17)=SIGN($G17-$H17),3,0))) -> 0 | AI17: =IF(OR(AG17="",AH17="",$G17="",$H17=""),0,IF(AND(AG17=$G17,AH17=$H17),8,IF(SIGN(AG17-AH17)=SIGN($G17-$H17),3,0))) -> 0
A18: 15 | B18: 46188 | C18: Group Stage | D18: H | E18: Saudi Arabia | F18: Uruguay | K18: =IF(OR(I18="",J18="",$G18="",$H18=""),0,IF(AND(I18=$G18,J18=$H18),8,IF(SIGN(I18-J18)=SIGN($G18-$H18),3,0))) -> 0 | N18: =IF(OR(L18="",M18="",$G18="",$H18=""),0,IF(AND(L18=$G18,M18=$H18),8,IF(SIGN(L18-M18)=SIGN($G18-$H18),3,0))) -> 0 | Q18: =IF(OR(O18="",P18="",$G18="",$H18=""),0,IF(AND(O18=$G18,P18=$H18),8,IF(SIGN(O18-P18)=SIGN($G18-$H18),3,0))) -> 0 | T18: =IF(OR(R18="",S18="",$G18="",$H18=""),0,IF(AND(R18=$G18,S18=$H18),8,IF(SIGN(R18-S18)=SIGN($G18-$H18),3,0))) -> 0 | W18: =IF(OR(U18="",V18="",$G18="",$H18=""),0,IF(AND(U18=$G18,V18=$H18),8,IF(SIGN(U18-V18)=SIGN($G18-$H18),3,0))) -> 0 | X18: 1 | Y18: 1 | Z18: =IF(OR(X18="",Y18="",$G18="",$H18=""),0,IF(AND(X18=$G18,Y18=$H18),8,IF(SIGN(X18-Y18)=SIGN($G18-$H18),3,0))) -> 0 | AC18: =IF(OR(AA18="",AB18="",$G18="",$H18=""),0,IF(AND(AA18=$G18,AB18=$H18),8,IF(SIGN(AA18-AB18)=SIGN($G18-$H18),3,0))) -> 0 | AF18: =IF(OR(AD18="",AE18="",$G18="",$H18=""),0,IF(AND(AD18=$G18,AE18=$H18),8,IF(SIGN(AD18-AE18)=SIGN($G18-$H18),3,0))) -> 0 | AI18: =IF(OR(AG18="",AH18="",$G18="",$H18=""),0,IF(AND(AG18=$G18,AH18=$H18),8,IF(SIGN(AG18-AH18)=SIGN($G18-$H18),3,0))) -> 0
A19: 16 | B19: 46188 | C19: Group Stage | D19: G | E19: Iran | F19: New Zealand | K19: =IF(OR(I19="",J19="",$G19="",$H19=""),0,IF(AND(I19=$G19,J19=$H19),8,IF(SIGN(I19-J19)=SIGN($G19-$H19),3,0))) -> 0 | N19: =IF(OR(L19="",M19="",$G19="",$H19=""),0,IF(AND(L19=$G19,M19=$H19),8,IF(SIGN(L19-M19)=SIGN($G19-$H19),3,0))) -> 0 | Q19: =IF(OR(O19="",P19="",$G19="",$H19=""),0,IF(AND(O19=$G19,P19=$H19),8,IF(SIGN(O19-P19)=SIGN($G19-$H19),3,0))) -> 0 | T19: =IF(OR(R19="",S19="",$G19="",$H19=""),0,IF(AND(R19=$G19,S19=$H19),8,IF(SIGN(R19-S19)=SIGN($G19-$H19),3,0))) -> 0 | W19: =IF(OR(U19="",V19="",$G19="",$H19=""),0,IF(AND(U19=$G19,V19=$H19),8,IF(SIGN(U19-V19)=SIGN($G19-$H19),3,0))) -> 0 | X19: 0 | Y19: 0 | Z19: =IF(OR(X19="",Y19="",$G19="",$H19=""),0,IF(AND(X19=$G19,Y19=$H19),8,IF(SIGN(X19-Y19)=SIGN($G19-$H19),3,0))) -> 0 | AC19: =IF(OR(AA19="",AB19="",$G19="",$H19=""),0,IF(AND(AA19=$G19,AB19=$H19),8,IF(SIGN(AA19-AB19)=SIGN($G19-$H19),3,0))) -> 0 | AF19: =IF(OR(AD19="",AE19="",$G19="",$H19=""),0,IF(AND(AD19=$G19,AE19=$H19),8,IF(SIGN(AD19-AE19)=SIGN($G19-$H19),3,0))) -> 0 | AI19: =IF(OR(AG19="",AH19="",$G19="",$H19=""),0,IF(AND(AG19=$G19,AH19=$H19),8,IF(SIGN(AG19-AH19)=SIGN($G19-$H19),3,0))) -> 0
A20: 17 | B20: 46189 | C20: Group Stage | D20: I | E20: France | F20: Senegal | K20: =IF(OR(I20="",J20="",$G20="",$H20=""),0,IF(AND(I20=$G20,J20=$H20),8,IF(SIGN(I20-J20)=SIGN($G20-$H20),3,0))) -> 0 | N20: =IF(OR(L20="",M20="",$G20="",$H20=""),0,IF(AND(L20=$G20,M20=$H20),8,IF(SIGN(L20-M20)=SIGN($G20-$H20),3,0))) -> 0 | Q20: =IF(OR(O20="",P20="",$G20="",$H20=""),0,IF(AND(O20=$G20,P20=$H20),8,IF(SIGN(O20-P20)=SIGN($G20-$H20),3,0))) -> 0 | T20: =IF(OR(R20="",S20="",$G20="",$H20=""),0,IF(AND(R20=$G20,S20=$H20),8,IF(SIGN(R20-S20)=SIGN($G20-$H20),3,0))) -> 0 | W20: =IF(OR(U20="",V20="",$G20="",$H20=""),0,IF(AND(U20=$G20,V20=$H20),8,IF(SIGN(U20-V20)=SIGN($G20-$H20),3,0))) -> 0 | X20: 3 | Y20: 0 | Z20: =IF(OR(X20="",Y20="",$G20="",$H20=""),0,IF(AND(X20=$G20,Y20=$H20),8,IF(SIGN(X20-Y20)=SIGN($G20-$H20),3,0))) -> 0 | AC20: =IF(OR(AA20="",AB20="",$G20="",$H20=""),0,IF(AND(AA20=$G20,AB20=$H20),8,IF(SIGN(AA20-AB20)=SIGN($G20-$H20),3,0))) -> 0 | AF20: =IF(OR(AD20="",AE20="",$G20="",$H20=""),0,IF(AND(AD20=$G20,AE20=$H20),8,IF(SIGN(AD20-AE20)=SIGN($G20-$H20),3,0))) -> 0 | AI20: =IF(OR(AG20="",AH20="",$G20="",$H20=""),0,IF(AND(AG20=$G20,AH20=$H20),8,IF(SIGN(AG20-AH20)=SIGN($G20-$H20),3,0))) -> 0
A21: 18 | B21: 46189 | C21: Group Stage | D21: I | E21: Iraq | F21: Norway | K21: =IF(OR(I21="",J21="",$G21="",$H21=""),0,IF(AND(I21=$G21,J21=$H21),8,IF(SIGN(I21-J21)=SIGN($G21-$H21),3,0))) -> 0 | N21: =IF(OR(L21="",M21="",$G21="",$H21=""),0,IF(AND(L21=$G21,M21=$H21),8,IF(SIGN(L21-M21)=SIGN($G21-$H21),3,0))) -> 0 | Q21: =IF(OR(O21="",P21="",$G21="",$H21=""),0,IF(AND(O21=$G21,P21=$H21),8,IF(SIGN(O21-P21)=SIGN($G21-$H21),3,0))) -> 0 | T21: =IF(OR(R21="",S21="",$G21="",$H21=""),0,IF(AND(R21=$G21,S21=$H21),8,IF(SIGN(R21-S21)=SIGN($G21-$H21),3,0))) -> 0 | W21: =IF(OR(U21="",V21="",$G21="",$H21=""),0,IF(AND(U21=$G21,V21=$H21),8,IF(SIGN(U21-V21)=SIGN($G21-$H21),3,0))) -> 0 | X21: 0 | Y21: 3 | Z21: =IF(OR(X21="",Y21="",$G21="",$H21=""),0,IF(AND(X21=$G21,Y21=$H21),8,IF(SIGN(X21-Y21)=SIGN($G21-$H21),3,0))) -> 0 | AC21: =IF(OR(AA21="",AB21="",$G21="",$H21=""),0,IF(AND(AA21=$G21,AB21=$H21),8,IF(SIGN(AA21-AB21)=SIGN($G21-$H21),3,0))) -> 0 | AF21: =IF(OR(AD21="",AE21="",$G21="",$H21=""),0,IF(AND(AD21=$G21,AE21=$H21),8,IF(SIGN(AD21-AE21)=SIGN($G21-$H21),3,0))) -> 0 | AI21: =IF(OR(AG21="",AH21="",$G21="",$H21=""),0,IF(AND(AG21=$G21,AH21=$H21),8,IF(SIGN(AG21-AH21)=SIGN($G21-$H21),3,0))) -> 0
A22: 19 | B22: 46189 | C22: Group Stage | D22: J | E22: Argentina | F22: Algeria | K22: =IF(OR(I22="",J22="",$G22="",$H22=""),0,IF(AND(I22=$G22,J22=$H22),8,IF(SIGN(I22-J22)=SIGN($G22-$H22),3,0))) -> 0 | L22: 3 | M22: 0 | N22: =IF(OR(L22="",M22="",$G22="",$H22=""),0,IF(AND(L22=$G22,M22=$H22),8,IF(SIGN(L22-M22)=SIGN($G22-$H22),3,0))) -> 0 | Q22: =IF(OR(O22="",P22="",$G22="",$H22=""),0,IF(AND(O22=$G22,P22=$H22),8,IF(SIGN(O22-P22)=SIGN($G22-$H22),3,0))) -> 0 | T22: =IF(OR(R22="",S22="",$G22="",$H22=""),0,IF(AND(R22=$G22,S22=$H22),8,IF(SIGN(R22-S22)=SIGN($G22-$H22),3,0))) -> 0 | W22: =IF(OR(U22="",V22="",$G22="",$H22=""),0,IF(AND(U22=$G22,V22=$H22),8,IF(SIGN(U22-V22)=SIGN($G22-$H22),3,0))) -> 0 | X22: 2 | Y22: 0 | Z22: =IF(OR(X22="",Y22="",$G22="",$H22=""),0,IF(AND(X22=$G22,Y22=$H22),8,IF(SIGN(X22-Y22)=SIGN($G22-$H22),3,0))) -> 0 | AC22: =IF(OR(AA22="",AB22="",$G22="",$H22=""),0,IF(AND(AA22=$G22,AB22=$H22),8,IF(SIGN(AA22-AB22)=SIGN($G22-$H22),3,0))) -> 0 | AF22: =IF(OR(AD22="",AE22="",$G22="",$H22=""),0,IF(AND(AD22=$G22,AE22=$H22),8,IF(SIGN(AD22-AE22)=SIGN($G22-$H22),3,0))) -> 0 | AI22: =IF(OR(AG22="",AH22="",$G22="",$H22=""),0,IF(AND(AG22=$G22,AH22=$H22),8,IF(SIGN(AG22-AH22)=SIGN($G22-$H22),3,0))) -> 0
A23: 20 | B23: 46189 | C23: Group Stage | D23: J | E23: Austria | F23: Jordan | K23: =IF(OR(I23="",J23="",$G23="",$H23=""),0,IF(AND(I23=$G23,J23=$H23),8,IF(SIGN(I23-J23)=SIGN($G23-$H23),3,0))) -> 0 | N23: =IF(OR(L23="",M23="",$G23="",$H23=""),0,IF(AND(L23=$G23,M23=$H23),8,IF(SIGN(L23-M23)=SIGN($G23-$H23),3,0))) -> 0 | Q23: =IF(OR(O23="",P23="",$G23="",$H23=""),0,IF(AND(O23=$G23,P23=$H23),8,IF(SIGN(O23-P23)=SIGN($G23-$H23),3,0))) -> 0 | T23: =IF(OR(R23="",S23="",$G23="",$H23=""),0,IF(AND(R23=$G23,S23=$H23),8,IF(SIGN(R23-S23)=SIGN($G23-$H23),3,0))) -> 0 | W23: =IF(OR(U23="",V23="",$G23="",$H23=""),0,IF(AND(U23=$G23,V23=$H23),8,IF(SIGN(U23-V23)=SIGN($G23-$H23),3,0))) -> 0 | X23: 1 | Y23: 0 | Z23: =IF(OR(X23="",Y23="",$G23="",$H23=""),0,IF(AND(X23=$G23,Y23=$H23),8,IF(SIGN(X23-Y23)=SIGN($G23-$H23),3,0))) -> 0 | AC23: =IF(OR(AA23="",AB23="",$G23="",$H23=""),0,IF(AND(AA23=$G23,AB23=$H23),8,IF(SIGN(AA23-AB23)=SIGN($G23-$H23),3,0))) -> 0 | AF23: =IF(OR(AD23="",AE23="",$G23="",$H23=""),0,IF(AND(AD23=$G23,AE23=$H23),8,IF(SIGN(AD23-AE23)=SIGN($G23-$H23),3,0))) -> 0 | AI23: =IF(OR(AG23="",AH23="",$G23="",$H23=""),0,IF(AND(AG23=$G23,AH23=$H23),8,IF(SIGN(AG23-AH23)=SIGN($G23-$H23),3,0))) -> 0
A24: 21 | B24: 46190 | C24: Group Stage | D24: K | E24: Portugal | F24: DR Congo | K24: =IF(OR(I24="",J24="",$G24="",$H24=""),0,IF(AND(I24=$G24,J24=$H24),8,IF(SIGN(I24-J24)=SIGN($G24-$H24),3,0))) -> 0 | N24: =IF(OR(L24="",M24="",$G24="",$H24=""),0,IF(AND(L24=$G24,M24=$H24),8,IF(SIGN(L24-M24)=SIGN($G24-$H24),3,0))) -> 0 | Q24: =IF(OR(O24="",P24="",$G24="",$H24=""),0,IF(AND(O24=$G24,P24=$H24),8,IF(SIGN(O24-P24)=SIGN($G24-$H24),3,0))) -> 0 | T24: =IF(OR(R24="",S24="",$G24="",$H24=""),0,IF(AND(R24=$G24,S24=$H24),8,IF(SIGN(R24-S24)=SIGN($G24-$H24),3,0))) -> 0 | W24: =IF(OR(U24="",V24="",$G24="",$H24=""),0,IF(AND(U24=$G24,V24=$H24),8,IF(SIGN(U24-V24)=SIGN($G24-$H24),3,0))) -> 0 | X24: 2 | Y24: 0 | Z24: =IF(OR(X24="",Y24="",$G24="",$H24=""),0,IF(AND(X24=$G24,Y24=$H24),8,IF(SIGN(X24-Y24)=SIGN($G24-$H24),3,0))) -> 0 | AC24: =IF(OR(AA24="",AB24="",$G24="",$H24=""),0,IF(AND(AA24=$G24,AB24=$H24),8,IF(SIGN(AA24-AB24)=SIGN($G24-$H24),3,0))) -> 0 | AF24: =IF(OR(AD24="",AE24="",$G24="",$H24=""),0,IF(AND(AD24=$G24,AE24=$H24),8,IF(SIGN(AD24-AE24)=SIGN($G24-$H24),3,0))) -> 0 | AI24: =IF(OR(AG24="",AH24="",$G24="",$H24=""),0,IF(AND(AG24=$G24,AH24=$H24),8,IF(SIGN(AG24-AH24)=SIGN($G24-$H24),3,0))) -> 0
A25: 22 | B25: 46190 | C25: Group Stage | D25: L | E25: England | F25: Croatia | K25: =IF(OR(I25="",J25="",$G25="",$H25=""),0,IF(AND(I25=$G25,J25=$H25),8,IF(SIGN(I25-J25)=SIGN($G25-$H25),3,0))) -> 0 | N25: =IF(OR(L25="",M25="",$G25="",$H25=""),0,IF(AND(L25=$G25,M25=$H25),8,IF(SIGN(L25-M25)=SIGN($G25-$H25),3,0))) -> 0 | Q25: =IF(OR(O25="",P25="",$G25="",$H25=""),0,IF(AND(O25=$G25,P25=$H25),8,IF(SIGN(O25-P25)=SIGN($G25-$H25),3,0))) -> 0 | T25: =IF(OR(R25="",S25="",$G25="",$H25=""),0,IF(AND(R25=$G25,S25=$H25),8,IF(SIGN(R25-S25)=SIGN($G25-$H25),3,0))) -> 0 | W25: =IF(OR(U25="",V25="",$G25="",$H25=""),0,IF(AND(U25=$G25,V25=$H25),8,IF(SIGN(U25-V25)=SIGN($G25-$H25),3,0))) -> 0 | X25: 3 | Y25: 1 | Z25: =IF(OR(X25="",Y25="",$G25="",$H25=""),0,IF(AND(X25=$G25,Y25=$H25),8,IF(SIGN(X25-Y25)=SIGN($G25-$H25),3,0))) -> 0 | AC25: =IF(OR(AA25="",AB25="",$G25="",$H25=""),0,IF(AND(AA25=$G25,AB25=$H25),8,IF(SIGN(AA25-AB25)=SIGN($G25-$H25),3,0))) -> 0 | AF25: =IF(OR(AD25="",AE25="",$G25="",$H25=""),0,IF(AND(AD25=$G25,AE25=$H25),8,IF(SIGN(AD25-AE25)=SIGN($G25-$H25),3,0))) -> 0 | AI25: =IF(OR(AG25="",AH25="",$G25="",$H25=""),0,IF(AND(AG25=$G25,AH25=$H25),8,IF(SIGN(AG25-AH25)=SIGN($G25-$H25),3,0))) -> 0
A26: 23 | B26: 46190 | C26: Group Stage | D26: L | E26: Ghana | F26: Panama | K26: =IF(OR(I26="",J26="",$G26="",$H26=""),0,IF(AND(I26=$G26,J26=$H26),8,IF(SIGN(I26-J26)=SIGN($G26-$H26),3,0))) -> 0 | N26: =IF(OR(L26="",M26="",$G26="",$H26=""),0,IF(AND(L26=$G26,M26=$H26),8,IF(SIGN(L26-M26)=SIGN($G26-$H26),3,0))) -> 0 | Q26: =IF(OR(O26="",P26="",$G26="",$H26=""),0,IF(AND(O26=$G26,P26=$H26),8,IF(SIGN(O26-P26)=SIGN($G26-$H26),3,0))) -> 0 | T26: =IF(OR(R26="",S26="",$G26="",$H26=""),0,IF(AND(R26=$G26,S26=$H26),8,IF(SIGN(R26-S26)=SIGN($G26-$H26),3,0))) -> 0 | W26: =IF(OR(U26="",V26="",$G26="",$H26=""),0,IF(AND(U26=$G26,V26=$H26),8,IF(SIGN(U26-V26)=SIGN($G26-$H26),3,0))) -> 0 | X26: 1 | Y26: 1 | Z26: =IF(OR(X26="",Y26="",$G26="",$H26=""),0,IF(AND(X26=$G26,Y26=$H26),8,IF(SIGN(X26-Y26)=SIGN($G26-$H26),3,0))) -> 0 | AC26: =IF(OR(AA26="",AB26="",$G26="",$H26=""),0,IF(AND(AA26=$G26,AB26=$H26),8,IF(SIGN(AA26-AB26)=SIGN($G26-$H26),3,0))) -> 0 | AF26: =IF(OR(AD26="",AE26="",$G26="",$H26=""),0,IF(AND(AD26=$G26,AE26=$H26),8,IF(SIGN(AD26-AE26)=SIGN($G26-$H26),3,0))) -> 0 | AI26: =IF(OR(AG26="",AH26="",$G26="",$H26=""),0,IF(AND(AG26=$G26,AH26=$H26),8,IF(SIGN(AG26-AH26)=SIGN($G26-$H26),3,0))) -> 0
A27: 24 | B27: 46190 | C27: Group Stage | D27: K | E27: Uzbekistan | F27: Colombia | K27: =IF(OR(I27="",J27="",$G27="",$H27=""),0,IF(AND(I27=$G27,J27=$H27),8,IF(SIGN(I27-J27)=SIGN($G27-$H27),3,0))) -> 0 | N27: =IF(OR(L27="",M27="",$G27="",$H27=""),0,IF(AND(L27=$G27,M27=$H27),8,IF(SIGN(L27-M27)=SIGN($G27-$H27),3,0))) -> 0 | Q27: =IF(OR(O27="",P27="",$G27="",$H27=""),0,IF(AND(O27=$G27,P27=$H27),8,IF(SIGN(O27-P27)=SIGN($G27-$H27),3,0))) -> 0 | T27: =IF(OR(R27="",S27="",$G27="",$H27=""),0,IF(AND(R27=$G27,S27=$H27),8,IF(SIGN(R27-S27)=SIGN($G27-$H27),3,0))) -> 0 | W27: =IF(OR(U27="",V27="",$G27="",$H27=""),0,IF(AND(U27=$G27,V27=$H27),8,IF(SIGN(U27-V27)=SIGN($G27-$H27),3,0))) -> 0 | X27: 0 | Y27: 2 | Z27: =IF(OR(X27="",Y27="",$G27="",$H27=""),0,IF(AND(X27=$G27,Y27=$H27),8,IF(SIGN(X27-Y27)=SIGN($G27-$H27),3,0))) -> 0 | AC27: =IF(OR(AA27="",AB27="",$G27="",$H27=""),0,IF(AND(AA27=$G27,AB27=$H27),8,IF(SIGN(AA27-AB27)=SIGN($G27-$H27),3,0))) -> 0 | AF27: =IF(OR(AD27="",AE27="",$G27="",$H27=""),0,IF(AND(AD27=$G27,AE27=$H27),8,IF(SIGN(AD27-AE27)=SIGN($G27-$H27),3,0))) -> 0 | AI27: =IF(OR(AG27="",AH27="",$G27="",$H27=""),0,IF(AND(AG27=$G27,AH27=$H27),8,IF(SIGN(AG27-AH27)=SIGN($G27-$H27),3,0))) -> 0
A28: 25 | B28: 46191 | C28: Group Stage | D28: A | E28: Czechia | F28: South Africa | K28: =IF(OR(I28="",J28="",$G28="",$H28=""),0,IF(AND(I28=$G28,J28=$H28),8,IF(SIGN(I28-J28)=SIGN($G28-$H28),3,0))) -> 0 | N28: =IF(OR(L28="",M28="",$G28="",$H28=""),0,IF(AND(L28=$G28,M28=$H28),8,IF(SIGN(L28-M28)=SIGN($G28-$H28),3,0))) -> 0 | Q28: =IF(OR(O28="",P28="",$G28="",$H28=""),0,IF(AND(O28=$G28,P28=$H28),8,IF(SIGN(O28-P28)=SIGN($G28-$H28),3,0))) -> 0 | T28: =IF(OR(R28="",S28="",$G28="",$H28=""),0,IF(AND(R28=$G28,S28=$H28),8,IF(SIGN(R28-S28)=SIGN($G28-$H28),3,0))) -> 0 | W28: =IF(OR(U28="",V28="",$G28="",$H28=""),0,IF(AND(U28=$G28,V28=$H28),8,IF(SIGN(U28-V28)=SIGN($G28-$H28),3,0))) -> 0 | X28: 0 | Y28: 0 | Z28: =IF(OR(X28="",Y28="",$G28="",$H28=""),0,IF(AND(X28=$G28,Y28=$H28),8,IF(SIGN(X28-Y28)=SIGN($G28-$H28),3,0))) -> 0 | AC28: =IF(OR(AA28="",AB28="",$G28="",$H28=""),0,IF(AND(AA28=$G28,AB28=$H28),8,IF(SIGN(AA28-AB28)=SIGN($G28-$H28),3,0))) -> 0 | AF28: =IF(OR(AD28="",AE28="",$G28="",$H28=""),0,IF(AND(AD28=$G28,AE28=$H28),8,IF(SIGN(AD28-AE28)=SIGN($G28-$H28),3,0))) -> 0 | AI28: =IF(OR(AG28="",AH28="",$G28="",$H28=""),0,IF(AND(AG28=$G28,AH28=$H28),8,IF(SIGN(AG28-AH28)=SIGN($G28-$H28),3,0))) -> 0
A29: 26 | B29: 46191 | C29: Group Stage | D29: B | E29: Switzerland | F29: Bosnia and Herzegovina | K29: =IF(OR(I29="",J29="",$G29="",$H29=""),0,IF(AND(I29=$G29,J29=$H29),8,IF(SIGN(I29-J29)=SIGN($G29-$H29),3,0))) -> 0 | N29: =IF(OR(L29="",M29="",$G29="",$H29=""),0,IF(AND(L29=$G29,M29=$H29),8,IF(SIGN(L29-M29)=SIGN($G29-$H29),3,0))) -> 0 | Q29: =IF(OR(O29="",P29="",$G29="",$H29=""),0,IF(AND(O29=$G29,P29=$H29),8,IF(SIGN(O29-P29)=SIGN($G29-$H29),3,0))) -> 0 | T29: =IF(OR(R29="",S29="",$G29="",$H29=""),0,IF(AND(R29=$G29,S29=$H29),8,IF(SIGN(R29-S29)=SIGN($G29-$H29),3,0))) -> 0 | W29: =IF(OR(U29="",V29="",$G29="",$H29=""),0,IF(AND(U29=$G29,V29=$H29),8,IF(SIGN(U29-V29)=SIGN($G29-$H29),3,0))) -> 0 | X29: 1 | Y29: 1 | Z29: =IF(OR(X29="",Y29="",$G29="",$H29=""),0,IF(AND(X29=$G29,Y29=$H29),8,IF(SIGN(X29-Y29)=SIGN($G29-$H29),3,0))) -> 0 | AC29: =IF(OR(AA29="",AB29="",$G29="",$H29=""),0,IF(AND(AA29=$G29,AB29=$H29),8,IF(SIGN(AA29-AB29)=SIGN($G29-$H29),3,0))) -> 0 | AF29: =IF(OR(AD29="",AE29="",$G29="",$H29=""),0,IF(AND(AD29=$G29,AE29=$H29),8,IF(SIGN(AD29-AE29)=SIGN($G29-$H29),3,0))) -> 0 | AI29: =IF(OR(AG29="",AH29="",$G29="",$H29=""),0,IF(AND(AG29=$G29,AH29=$H29),8,IF(SIGN(AG29-AH29)=SIGN($G29-$H29),3,0))) -> 0
A30: 27 | B30: 46191 | C30: Group Stage | D30: B | E30: Canada | F30: Qatar | K30: =IF(OR(I30="",J30="",$G30="",$H30=""),0,IF(AND(I30=$G30,J30=$H30),8,IF(SIGN(I30-J30)=SIGN($G30-$H30),3,0))) -> 0 | N30: =IF(OR(L30="",M30="",$G30="",$H30=""),0,IF(AND(L30=$G30,M30=$H30),8,IF(SIGN(L30-M30)=SIGN($G30-$H30),3,0))) -> 0 | Q30: =IF(OR(O30="",P30="",$G30="",$H30=""),0,IF(AND(O30=$G30,P30=$H30),8,IF(SIGN(O30-P30)=SIGN($G30-$H30),3,0))) -> 0 | T30: =IF(OR(R30="",S30="",$G30="",$H30=""),0,IF(AND(R30=$G30,S30=$H30),8,IF(SIGN(R30-S30)=SIGN($G30-$H30),3,0))) -> 0 | W30: =IF(OR(U30="",V30="",$G30="",$H30=""),0,IF(AND(U30=$G30,V30=$H30),8,IF(SIGN(U30-V30)=SIGN($G30-$H30),3,0))) -> 0 | X30: 2 | Y30: 1 | Z30: =IF(OR(X30="",Y30="",$G30="",$H30=""),0,IF(AND(X30=$G30,Y30=$H30),8,IF(SIGN(X30-Y30)=SIGN($G30-$H30),3,0))) -> 0 | AC30: =IF(OR(AA30="",AB30="",$G30="",$H30=""),0,IF(AND(AA30=$G30,AB30=$H30),8,IF(SIGN(AA30-AB30)=SIGN($G30-$H30),3,0))) -> 0 | AF30: =IF(OR(AD30="",AE30="",$G30="",$H30=""),0,IF(AND(AD30=$G30,AE30=$H30),8,IF(SIGN(AD30-AE30)=SIGN($G30-$H30),3,0))) -> 0 | AI30: =IF(OR(AG30="",AH30="",$G30="",$H30=""),0,IF(AND(AG30=$G30,AH30=$H30),8,IF(SIGN(AG30-AH30)=SIGN($G30-$H30),3,0))) -> 0
A31: 28 | B31: 46191 | C31: Group Stage | D31: A | E31: Mexico | F31: South Korea | K31: =IF(OR(I31="",J31="",$G31="",$H31=""),0,IF(AND(I31=$G31,J31=$H31),8,IF(SIGN(I31-J31)=SIGN($G31-$H31),3,0))) -> 0 | N31: =IF(OR(L31="",M31="",$G31="",$H31=""),0,IF(AND(L31=$G31,M31=$H31),8,IF(SIGN(L31-M31)=SIGN($G31-$H31),3,0))) -> 0 | Q31: =IF(OR(O31="",P31="",$G31="",$H31=""),0,IF(AND(O31=$G31,P31=$H31),8,IF(SIGN(O31-P31)=SIGN($G31-$H31),3,0))) -> 0 | T31: =IF(OR(R31="",S31="",$G31="",$H31=""),0,IF(AND(R31=$G31,S31=$H31),8,IF(SIGN(R31-S31)=SIGN($G31-$H31),3,0))) -> 0 | W31: =IF(OR(U31="",V31="",$G31="",$H31=""),0,IF(AND(U31=$G31,V31=$H31),8,IF(SIGN(U31-V31)=SIGN($G31-$H31),3,0))) -> 0 | X31: 2 | Y31: 2 | Z31: =IF(OR(X31="",Y31="",$G31="",$H31=""),0,IF(AND(X31=$G31,Y31=$H31),8,IF(SIGN(X31-Y31)=SIGN($G31-$H31),3,0))) -> 0 | AC31: =IF(OR(AA31="",AB31="",$G31="",$H31=""),0,IF(AND(AA31=$G31,AB31=$H31),8,IF(SIGN(AA31-AB31)=SIGN($G31-$H31),3,0))) -> 0 | AF31: =IF(OR(AD31="",AE31="",$G31="",$H31=""),0,IF(AND(AD31=$G31,AE31=$H31),8,IF(SIGN(AD31-AE31)=SIGN($G31-$H31),3,0))) -> 0 | AI31: =IF(OR(AG31="",AH31="",$G31="",$H31=""),0,IF(AND(AG31=$G31,AH31=$H31),8,IF(SIGN(AG31-AH31)=SIGN($G31-$H31),3,0))) -> 0
A32: 29 | B32: 46192 | C32: Group Stage | D32: D | E32: USA | F32: Australia | K32: =IF(OR(I32="",J32="",$G32="",$H32=""),0,IF(AND(I32=$G32,J32=$H32),8,IF(SIGN(I32-J32)=SIGN($G32-$H32),3,0))) -> 0 | N32: =IF(OR(L32="",M32="",$G32="",$H32=""),0,IF(AND(L32=$G32,M32=$H32),8,IF(SIGN(L32-M32)=SIGN($G32-$H32),3,0))) -> 0 | Q32: =IF(OR(O32="",P32="",$G32="",$H32=""),0,IF(AND(O32=$G32,P32=$H32),8,IF(SIGN(O32-P32)=SIGN($G32-$H32),3,0))) -> 0 | T32: =IF(OR(R32="",S32="",$G32="",$H32=""),0,IF(AND(R32=$G32,S32=$H32),8,IF(SIGN(R32-S32)=SIGN($G32-$H32),3,0))) -> 0 | W32: =IF(OR(U32="",V32="",$G32="",$H32=""),0,IF(AND(U32=$G32,V32=$H32),8,IF(SIGN(U32-V32)=SIGN($G32-$H32),3,0))) -> 0 | X32: 1 | Y32: 1 | Z32: =IF(OR(X32="",Y32="",$G32="",$H32=""),0,IF(AND(X32=$G32,Y32=$H32),8,IF(SIGN(X32-Y32)=SIGN($G32-$H32),3,0))) -> 0 | AC32: =IF(OR(AA32="",AB32="",$G32="",$H32=""),0,IF(AND(AA32=$G32,AB32=$H32),8,IF(SIGN(AA32-AB32)=SIGN($G32-$H32),3,0))) -> 0 | AF32: =IF(OR(AD32="",AE32="",$G32="",$H32=""),0,IF(AND(AD32=$G32,AE32=$H32),8,IF(SIGN(AD32-AE32)=SIGN($G32-$H32),3,0))) -> 0 | AI32: =IF(OR(AG32="",AH32="",$G32="",$H32=""),0,IF(AND(AG32=$G32,AH32=$H32),8,IF(SIGN(AG32-AH32)=SIGN($G32-$H32),3,0))) -> 0
A33: 30 | B33: 46192 | C33: Group Stage | D33: C | E33: Scotland | F33: Morocco | K33: =IF(OR(I33="",J33="",$G33="",$H33=""),0,IF(AND(I33=$G33,J33=$H33),8,IF(SIGN(I33-J33)=SIGN($G33-$H33),3,0))) -> 0 | N33: =IF(OR(L33="",M33="",$G33="",$H33=""),0,IF(AND(L33=$G33,M33=$H33),8,IF(SIGN(L33-M33)=SIGN($G33-$H33),3,0))) -> 0 | Q33: =IF(OR(O33="",P33="",$G33="",$H33=""),0,IF(AND(O33=$G33,P33=$H33),8,IF(SIGN(O33-P33)=SIGN($G33-$H33),3,0))) -> 0 | T33: =IF(OR(R33="",S33="",$G33="",$H33=""),0,IF(AND(R33=$G33,S33=$H33),8,IF(SIGN(R33-S33)=SIGN($G33-$H33),3,0))) -> 0 | W33: =IF(OR(U33="",V33="",$G33="",$H33=""),0,IF(AND(U33=$G33,V33=$H33),8,IF(SIGN(U33-V33)=SIGN($G33-$H33),3,0))) -> 0 | X33: 2 | Y33: 0 | Z33: =IF(OR(X33="",Y33="",$G33="",$H33=""),0,IF(AND(X33=$G33,Y33=$H33),8,IF(SIGN(X33-Y33)=SIGN($G33-$H33),3,0))) -> 0 | AC33: =IF(OR(AA33="",AB33="",$G33="",$H33=""),0,IF(AND(AA33=$G33,AB33=$H33),8,IF(SIGN(AA33-AB33)=SIGN($G33-$H33),3,0))) -> 0 | AF33: =IF(OR(AD33="",AE33="",$G33="",$H33=""),0,IF(AND(AD33=$G33,AE33=$H33),8,IF(SIGN(AD33-AE33)=SIGN($G33-$H33),3,0))) -> 0 | AI33: =IF(OR(AG33="",AH33="",$G33="",$H33=""),0,IF(AND(AG33=$G33,AH33=$H33),8,IF(SIGN(AG33-AH33)=SIGN($G33-$H33),3,0))) -> 0
A34: 31 | B34: 46192 | C34: Group Stage | D34: C | E34: Brazil | F34: Haiti | K34: =IF(OR(I34="",J34="",$G34="",$H34=""),0,IF(AND(I34=$G34,J34=$H34),8,IF(SIGN(I34-J34)=SIGN($G34-$H34),3,0))) -> 0 | N34: =IF(OR(L34="",M34="",$G34="",$H34=""),0,IF(AND(L34=$G34,M34=$H34),8,IF(SIGN(L34-M34)=SIGN($G34-$H34),3,0))) -> 0 | Q34: =IF(OR(O34="",P34="",$G34="",$H34=""),0,IF(AND(O34=$G34,P34=$H34),8,IF(SIGN(O34-P34)=SIGN($G34-$H34),3,0))) -> 0 | T34: =IF(OR(R34="",S34="",$G34="",$H34=""),0,IF(AND(R34=$G34,S34=$H34),8,IF(SIGN(R34-S34)=SIGN($G34-$H34),3,0))) -> 0 | W34: =IF(OR(U34="",V34="",$G34="",$H34=""),0,IF(AND(U34=$G34,V34=$H34),8,IF(SIGN(U34-V34)=SIGN($G34-$H34),3,0))) -> 0 | X34: 2 | Y34: 0 | Z34: =IF(OR(X34="",Y34="",$G34="",$H34=""),0,IF(AND(X34=$G34,Y34=$H34),8,IF(SIGN(X34-Y34)=SIGN($G34-$H34),3,0))) -> 0 | AC34: =IF(OR(AA34="",AB34="",$G34="",$H34=""),0,IF(AND(AA34=$G34,AB34=$H34),8,IF(SIGN(AA34-AB34)=SIGN($G34-$H34),3,0))) -> 0 | AF34: =IF(OR(AD34="",AE34="",$G34="",$H34=""),0,IF(AND(AD34=$G34,AE34=$H34),8,IF(SIGN(AD34-AE34)=SIGN($G34-$H34),3,0))) -> 0 | AI34: =IF(OR(AG34="",AH34="",$G34="",$H34=""),0,IF(AND(AG34=$G34,AH34=$H34),8,IF(SIGN(AG34-AH34)=SIGN($G34-$H34),3,0))) -> 0
... A75: 72 | B75: 46200 | C75: Group Stage | D75: J | E75: Algeria | F75: Austria | K75: =IF(OR(I75="",J75="",$G75="",$H75=""),0,IF(AND(I75=$G75,J75=$H75),8,IF(SIGN(I75-J75)=SIGN($G75-$H75),3,0))) -> 0 | N75: =IF(OR(L75="",M75="",$G75="",$H75=""),0,IF(AND(L75=$G75,M75=$H75),8,IF(SIGN(L75-M75)=SIGN($G75-$H75),3,0))) -> 0 | Q75: =IF(OR(O75="",P75="",$G75="",$H75=""),0,IF(AND(O75=$G75,P75=$H75),8,IF(SIGN(O75-P75)=SIGN($G75-$H75),3,0))) -> 0 | T75: =IF(OR(R75="",S75="",$G75="",$H75=""),0,IF(AND(R75=$G75,S75=$H75),8,IF(SIGN(R75-S75)=SIGN($G75-$H75),3,0))) -> 0 | W75: =IF(OR(U75="",V75="",$G75="",$H75=""),0,IF(AND(U75=$G75,V75=$H75),8,IF(SIGN(U75-V75)=SIGN($G75-$H75),3,0))) -> 0 | X75: 0 | Y75: 1 | Z75: =IF(OR(X75="",Y75="",$G75="",$H75=""),0,IF(AND(X75=$G75,Y75=$H75),8,IF(SIGN(X75-Y75)=SIGN($G75-$H75),3,0))) -> 0 | AC75: =IF(OR(AA75="",AB75="",$G75="",$H75=""),0,IF(AND(AA75=$G75,AB75=$H75),8,IF(SIGN(AA75-AB75)=SIGN($G75-$H75),3,0))) -> 0 | AF75: =IF(OR(AD75="",AE75="",$G75="",$H75=""),0,IF(AND(AD75=$G75,AE75=$H75),8,IF(SIGN(AD75-AE75)=SIGN($G75-$H75),3,0))) -> 0 | AI75: =IF(OR(AG75="",AH75="",$G75="",$H75=""),0,IF(AND(AG75=$G75,AH75=$H75),8,IF(SIGN(AG75-AH75)=SIGN($G75-$H75),3,0))) -> 0
A76: 73 | B76: 46201 | C76: Round of 32 | E76: Group A 2nd Place | F76: Group B 2nd Place | K76: =IF(OR(I76="",J76="",$G76="",$H76=""),0,IF(AND(I76=$G76,J76=$H76),8,IF(SIGN(I76-J76)=SIGN($G76-$H76),3,0))) -> 0 | N76: =IF(OR(L76="",M76="",$G76="",$H76=""),0,IF(AND(L76=$G76,M76=$H76),8,IF(SIGN(L76-M76)=SIGN($G76-$H76),3,0))) -> 0 | Q76: =IF(OR(O76="",P76="",$G76="",$H76=""),0,IF(AND(O76=$G76,P76=$H76),8,IF(SIGN(O76-P76)=SIGN($G76-$H76),3,0))) -> 0 | T76: =IF(OR(R76="",S76="",$G76="",$H76=""),0,IF(AND(R76=$G76,S76=$H76),8,IF(SIGN(R76-S76)=SIGN($G76-$H76),3,0))) -> 0 | W76: =IF(OR(U76="",V76="",$G76="",$H76=""),0,IF(AND(U76=$G76,V76=$H76),8,IF(SIGN(U76-V76)=SIGN($G76-$H76),3,0))) -> 0 | Z76: =IF(OR(X76="",Y76="",$G76="",$H76=""),0,IF(AND(X76=$G76,Y76=$H76),8,IF(SIGN(X76-Y76)=SIGN($G76-$H76),3,0))) -> 0 | AC76: =IF(OR(AA76="",AB76="",$G76="",$H76=""),0,IF(AND(AA76=$G76,AB76=$H76),8,IF(SIGN(AA76-AB76)=SIGN($G76-$H76),3,0))) -> 0 | AF76: =IF(OR(AD76="",AE76="",$G76="",$H76=""),0,IF(AND(AD76=$G76,AE76=$H76),8,IF(SIGN(AD76-AE76)=SIGN($G76-$H76),3,0))) -> 0 | AI76: =IF(OR(AG76="",AH76="",$G76="",$H76=""),0,IF(AND(AG76=$G76,AH76=$H76),8,IF(SIGN(AG76-AH76)=SIGN($G76-$H76),3,0))) -> 0
A77: 74 | B77: 46202 | C77: Round of 32 | E77: Group C Winner | F77: Group F 2nd Place | G77: 1 | H77: 1 | K77: =IF(OR(I77="",J77="",$G77="",$H77=""),0,IF(AND(I77=$G77,J77=$H77),8,IF(SIGN(I77-J77)=SIGN($G77-$H77),3,0))) -> 0 | N77: =IF(OR(L77="",M77="",$G77="",$H77=""),0,IF(AND(L77=$G77,M77=$H77),8,IF(SIGN(L77-M77)=SIGN($G77-$H77),3,0))) -> 0 | Q77: =IF(OR(O77="",P77="",$G77="",$H77=""),0,IF(AND(O77=$G77,P77=$H77),8,IF(SIGN(O77-P77)=SIGN($G77-$H77),3,0))) -> 0 | T77: =IF(OR(R77="",S77="",$G77="",$H77=""),0,IF(AND(R77=$G77,S77=$H77),8,IF(SIGN(R77-S77)=SIGN($G77-$H77),3,0))) -> 0 | W77: =IF(OR(U77="",V77="",$G77="",$H77=""),0,IF(AND(U77=$G77,V77=$H77),8,IF(SIGN(U77-V77)=SIGN($G77-$H77),3,0))) -> 0 | Z77: =IF(OR(X77="",Y77="",$G77="",$H77=""),0,IF(AND(X77=$G77,Y77=$H77),8,IF(SIGN(X77-Y77)=SIGN($G77-$H77),3,0))) -> 0 | AC77: =IF(OR(AA77="",AB77="",$G77="",$H77=""),0,IF(AND(AA77=$G77,AB77=$H77),8,IF(SIGN(AA77-AB77)=SIGN($G77-$H77),3,0))) -> 0 | AF77: =IF(OR(AD77="",AE77="",$G77="",$H77=""),0,IF(AND(AD77=$G77,AE77=$H77),8,IF(SIGN(AD77-AE77)=SIGN($G77-$H77),3,0))) -> 0 | AI77: =IF(OR(AG77="",AH77="",$G77="",$H77=""),0,IF(AND(AG77=$G77,AH77=$H77),8,IF(SIGN(AG77-AH77)=SIGN($G77-$H77),3,0))) -> 0 | AJ77: A
A78: 75 | B78: 46202 | C78: Round of 32 | E78: Group E Winner | F78: Group A/B/C/D/F 3rd Place | G78: 1 | H78: 1 | K78: =IF(OR(I78="",J78="",$G78="",$H78=""),0,IF(AND(I78=$G78,J78=$H78),8,IF(SIGN(I78-J78)=SIGN($G78-$H78),3,0))) -> 0 | N78: =IF(OR(L78="",M78="",$G78="",$H78=""),0,IF(AND(L78=$G78,M78=$H78),8,IF(SIGN(L78-M78)=SIGN($G78-$H78),3,0))) -> 0 | Q78: =IF(OR(O78="",P78="",$G78="",$H78=""),0,IF(AND(O78=$G78,P78=$H78),8,IF(SIGN(O78-P78)=SIGN($G78-$H78),3,0))) -> 0 | T78: =IF(OR(R78="",S78="",$G78="",$H78=""),0,IF(AND(R78=$G78,S78=$H78),8,IF(SIGN(R78-S78)=SIGN($G78-$H78),3,0))) -> 0 | W78: =IF(OR(U78="",V78="",$G78="",$H78=""),0,IF(AND(U78=$G78,V78=$H78),8,IF(SIGN(U78-V78)=SIGN($G78-$H78),3,0))) -> 0 | Z78: =IF(OR(X78="",Y78="",$G78="",$H78=""),0,IF(AND(X78=$G78,Y78=$H78),8,IF(SIGN(X78-Y78)=SIGN($G78-$H78),3,0))) -> 0 | AC78: =IF(OR(AA78="",AB78="",$G78="",$H78=""),0,IF(AND(AA78=$G78,AB78=$H78),8,IF(SIGN(AA78-AB78)=SIGN($G78-$H78),3,0))) -> 0 | AF78: =IF(OR(AD78="",AE78="",$G78="",$H78=""),0,IF(AND(AD78=$G78,AE78=$H78),8,IF(SIGN(AD78-AE78)=SIGN($G78-$H78),3,0))) -> 0 | AI78: =IF(OR(AG78="",AH78="",$G78="",$H78=""),0,IF(AND(AG78=$G78,AH78=$H78),8,IF(SIGN(AG78-AH78)=SIGN($G78-$H78),3,0))) -> 0 | AJ78: A
A79: 76 | B79: 46202 | C79: Round of 32 | E79: Group F Winner | F79: Group C 2nd Place | G79: 2 | H79: 1 | K79: =IF(OR(I79="",J79="",$G79="",$H79=""),0,IF(AND(I79=$G79,J79=$H79),8,IF(SIGN(I79-J79)=SIGN($G79-$H79),3,0))) -> 0 | N79: =IF(OR(L79="",M79="",$G79="",$H79=""),0,IF(AND(L79=$G79,M79=$H79),8,IF(SIGN(L79-M79)=SIGN($G79-$H79),3,0))) -> 0 | Q79: =IF(OR(O79="",P79="",$G79="",$H79=""),0,IF(AND(O79=$G79,P79=$H79),8,IF(SIGN(O79-P79)=SIGN($G79-$H79),3,0))) -> 0 | T79: =IF(OR(R79="",S79="",$G79="",$H79=""),0,IF(AND(R79=$G79,S79=$H79),8,IF(SIGN(R79-S79)=SIGN($G79-$H79),3,0))) -> 0 | W79: =IF(OR(U79="",V79="",$G79="",$H79=""),0,IF(AND(U79=$G79,V79=$H79),8,IF(SIGN(U79-V79)=SIGN($G79-$H79),3,0))) -> 0 | Z79: =IF(OR(X79="",Y79="",$G79="",$H79=""),0,IF(AND(X79=$G79,Y79=$H79),8,IF(SIGN(X79-Y79)=SIGN($G79-$H79),3,0))) -> 0 | AC79: =IF(OR(AA79="",AB79="",$G79="",$H79=""),0,IF(AND(AA79=$G79,AB79=$H79),8,IF(SIGN(AA79-AB79)=SIGN($G79-$H79),3,0))) -> 0 | AF79: =IF(OR(AD79="",AE79="",$G79="",$H79=""),0,IF(AND(AD79=$G79,AE79=$H79),8,IF(SIGN(AD79-AE79)=SIGN($G79-$H79),3,0))) -> 0 | AI79: =IF(OR(AG79="",AH79="",$G79="",$H79=""),0,IF(AND(AG79=$G79,AH79=$H79),8,IF(SIGN(AG79-AH79)=SIGN($G79-$H79),3,0))) -> 0
A80: 77 | B80: 46203 | C80: Round of 32 | E80: Group E 2nd Place | F80: Group I 2nd Place | K80: =IF(OR(I80="",J80="",$G80="",$H80=""),0,IF(AND(I80=$G80,J80=$H80),8,IF(SIGN(I80-J80)=SIGN($G80-$H80),3,0))) -> 0 | N80: =IF(OR(L80="",M80="",$G80="",$H80=""),0,IF(AND(L80=$G80,M80=$H80),8,IF(SIGN(L80-M80)=SIGN($G80-$H80),3,0))) -> 0 | Q80: =IF(OR(O80="",P80="",$G80="",$H80=""),0,IF(AND(O80=$G80,P80=$H80),8,IF(SIGN(O80-P80)=SIGN($G80-$H80),3,0))) -> 0 | T80: =IF(OR(R80="",S80="",$G80="",$H80=""),0,IF(AND(R80=$G80,S80=$H80),8,IF(SIGN(R80-S80)=SIGN($G80-$H80),3,0))) -> 0 | W80: =IF(OR(U80="",V80="",$G80="",$H80=""),0,IF(AND(U80=$G80,V80=$H80),8,IF(SIGN(U80-V80)=SIGN($G80-$H80),3,0))) -> 0 | Z80: =IF(OR(X80="",Y80="",$G80="",$H80=""),0,IF(AND(X80=$G80,Y80=$H80),8,IF(SIGN(X80-Y80)=SIGN($G80-$H80),3,0))) -> 0 | AC80: =IF(OR(AA80="",AB80="",$G80="",$H80=""),0,IF(AND(AA80=$G80,AB80=$H80),8,IF(SIGN(AA80-AB80)=SIGN($G80-$H80),3,0))) -> 0 | AF80: =IF(OR(AD80="",AE80="",$G80="",$H80=""),0,IF(AND(AD80=$G80,AE80=$H80),8,IF(SIGN(AD80-AE80)=SIGN($G80-$H80),3,0))) -> 0 | AI80: =IF(OR(AG80="",AH80="",$G80="",$H80=""),0,IF(AND(AG80=$G80,AH80=$H80),8,IF(SIGN(AG80-AH80)=SIGN($G80-$H80),3,0))) -> 0
A81: 78 | B81: 46203 | C81: Round of 32 | E81: Group I Winner | F81: Group C/D/F/G/H 3rd Place | K81: =IF(OR(I81="",J81="",$G81="",$H81=""),0,IF(AND(I81=$G81,J81=$H81),8,IF(SIGN(I81-J81)=SIGN($G81-$H81),3,0))) -> 0 | N81: =IF(OR(L81="",M81="",$G81="",$H81=""),0,IF(AND(L81=$G81,M81=$H81),8,IF(SIGN(L81-M81)=SIGN($G81-$H81),3,0))) -> 0 | Q81: =IF(OR(O81="",P81="",$G81="",$H81=""),0,IF(AND(O81=$G81,P81=$H81),8,IF(SIGN(O81-P81)=SIGN($G81-$H81),3,0))) -> 0 | T81: =IF(OR(R81="",S81="",$G81="",$H81=""),0,IF(AND(R81=$G81,S81=$H81),8,IF(SIGN(R81-S81)=SIGN($G81-$H81),3,0))) -> 0 | W81: =IF(OR(U81="",V81="",$G81="",$H81=""),0,IF(AND(U81=$G81,V81=$H81),8,IF(SIGN(U81-V81)=SIGN($G81-$H81),3,0))) -> 0 | Z81: =IF(OR(X81="",Y81="",$G81="",$H81=""),0,IF(AND(X81=$G81,Y81=$H81),8,IF(SIGN(X81-Y81)=SIGN($G81-$H81),3,0))) -> 0 | AC81: =IF(OR(AA81="",AB81="",$G81="",$H81=""),0,IF(AND(AA81=$G81,AB81=$H81),8,IF(SIGN(AA81-AB81)=SIGN($G81-$H81),3,0))) -> 0 | AF81: =IF(OR(AD81="",AE81="",$G81="",$H81=""),0,IF(AND(AD81=$G81,AE81=$H81),8,IF(SIGN(AD81-AE81)=SIGN($G81-$H81),3,0))) -> 0 | AI81: =IF(OR(AG81="",AH81="",$G81="",$H81=""),0,IF(AND(AG81=$G81,AH81=$H81),8,IF(SIGN(AG81-AH81)=SIGN($G81-$H81),3,0))) -> 0
A82: 79 | B82: 46203 | C82: Round of 32 | E82: Group A Winner | F82: Group C/E/F/H/I 3rd Place | K82: =IF(OR(I82="",J82="",$G82="",$H82=""),0,IF(AND(I82=$G82,J82=$H82),8,IF(SIGN(I82-J82)=SIGN($G82-$H82),3,0))) -> 0 | N82: =IF(OR(L82="",M82="",$G82="",$H82=""),0,IF(AND(L82=$G82,M82=$H82),8,IF(SIGN(L82-M82)=SIGN($G82-$H82),3,0))) -> 0 | Q82: =IF(OR(O82="",P82="",$G82="",$H82=""),0,IF(AND(O82=$G82,P82=$H82),8,IF(SIGN(O82-P82)=SIGN($G82-$H82),3,0))) -> 0 | T82: =IF(OR(R82="",S82="",$G82="",$H82=""),0,IF(AND(R82=$G82,S82=$H82),8,IF(SIGN(R82-S82)=SIGN($G82-$H82),3,0))) -> 0 | W82: =IF(OR(U82="",V82="",$G82="",$H82=""),0,IF(AND(U82=$G82,V82=$H82),8,IF(SIGN(U82-V82)=SIGN($G82-$H82),3,0))) -> 0 | Z82: =IF(OR(X82="",Y82="",$G82="",$H82=""),0,IF(AND(X82=$G82,Y82=$H82),8,IF(SIGN(X82-Y82)=SIGN($G82-$H82),3,0))) -> 0 | AC82: =IF(OR(AA82="",AB82="",$G82="",$H82=""),0,IF(AND(AA82=$G82,AB82=$H82),8,IF(SIGN(AA82-AB82)=SIGN($G82-$H82),3,0))) -> 0 | AF82: =IF(OR(AD82="",AE82="",$G82="",$H82=""),0,IF(AND(AD82=$G82,AE82=$H82),8,IF(SIGN(AD82-AE82)=SIGN($G82-$H82),3,0))) -> 0 | AI82: =IF(OR(AG82="",AH82="",$G82="",$H82=""),0,IF(AND(AG82=$G82,AH82=$H82),8,IF(SIGN(AG82-AH82)=SIGN($G82-$H82),3,0))) -> 0
A83: 80 | B83: 46204 | C83: Round of 32 | E83: Group L Winner | F83: Group E/H/I/J/K 3rd Place | K83: =IF(OR(I83="",J83="",$G83="",$H83=""),0,IF(AND(I83=$G83,J83=$H83),8,IF(SIGN(I83-J83)=SIGN($G83-$H83),3,0))) -> 0 | N83: =IF(OR(L83="",M83="",$G83="",$H83=""),0,IF(AND(L83=$G83,M83=$H83),8,IF(SIGN(L83-M83)=SIGN($G83-$H83),3,0))) -> 0 | Q83: =IF(OR(O83="",P83="",$G83="",$H83=""),0,IF(AND(O83=$G83,P83=$H83),8,IF(SIGN(O83-P83)=SIGN($G83-$H83),3,0))) -> 0 | T83: =IF(OR(R83="",S83="",$G83="",$H83=""),0,IF(AND(R83=$G83,S83=$H83),8,IF(SIGN(R83-S83)=SIGN($G83-$H83),3,0))) -> 0 | W83: =IF(OR(U83="",V83="",$G83="",$H83=""),0,IF(AND(U83=$G83,V83=$H83),8,IF(SIGN(U83-V83)=SIGN($G83-$H83),3,0))) -> 0 | Z83: =IF(OR(X83="",Y83="",$G83="",$H83=""),0,IF(AND(X83=$G83,Y83=$H83),8,IF(SIGN(X83-Y83)=SIGN($G83-$H83),3,0))) -> 0 | AC83: =IF(OR(AA83="",AB83="",$G83="",$H83=""),0,IF(AND(AA83=$G83,AB83=$H83),8,IF(SIGN(AA83-AB83)=SIGN($G83-$H83),3,0))) -> 0 | AF83: =IF(OR(AD83="",AE83="",$G83="",$H83=""),0,IF(AND(AD83=$G83,AE83=$H83),8,IF(SIGN(AD83-AE83)=SIGN($G83-$H83),3,0))) -> 0 | AI83: =IF(OR(AG83="",AH83="",$G83="",$H83=""),0,IF(AND(AG83=$G83,AH83=$H83),8,IF(SIGN(AG83-AH83)=SIGN($G83-$H83),3,0))) -> 0
A84: 81 | B84: 46204 | C84: Round of 32 | E84: Group G Winner | F84: Group A/E/H/I/J 3rd Place | K84: =IF(OR(I84="",J84="",$G84="",$H84=""),0,IF(AND(I84=$G84,J84=$H84),8,IF(SIGN(I84-J84)=SIGN($G84-$H84),3,0))) -> 0 | N84: =IF(OR(L84="",M84="",$G84="",$H84=""),0,IF(AND(L84=$G84,M84=$H84),8,IF(SIGN(L84-M84)=SIGN($G84-$H84),3,0))) -> 0 | Q84: =IF(OR(O84="",P84="",$G84="",$H84=""),0,IF(AND(O84=$G84,P84=$H84),8,IF(SIGN(O84-P84)=SIGN($G84-$H84),3,0))) -> 0 | T84: =IF(OR(R84="",S84="",$G84="",$H84=""),0,IF(AND(R84=$G84,S84=$H84),8,IF(SIGN(R84-S84)=SIGN($G84-$H84),3,0))) -> 0 | W84: =IF(OR(U84="",V84="",$G84="",$H84=""),0,IF(AND(U84=$G84,V84=$H84),8,IF(SIGN(U84-V84)=SIGN($G84-$H84),3,0))) -> 0 | Z84: =IF(OR(X84="",Y84="",$G84="",$H84=""),0,IF(AND(X84=$G84,Y84=$H84),8,IF(SIGN(X84-Y84)=SIGN($G84-$H84),3,0))) -> 0 | AC84: =IF(OR(AA84="",AB84="",$G84="",$H84=""),0,IF(AND(AA84=$G84,AB84=$H84),8,IF(SIGN(AA84-AB84)=SIGN($G84-$H84),3,0))) -> 0 | AF84: =IF(OR(AD84="",AE84="",$G84="",$H84=""),0,IF(AND(AD84=$G84,AE84=$H84),8,IF(SIGN(AD84-AE84)=SIGN($G84-$H84),3,0))) -> 0 | AI84: =IF(OR(AG84="",AH84="",$G84="",$H84=""),0,IF(AND(AG84=$G84,AH84=$H84),8,IF(SIGN(AG84-AH84)=SIGN($G84-$H84),3,0))) -> 0
A85: 82 | B85: 46204 | C85: Round of 32 | E85: Group D Winner | F85: Group B/E/F/I/J 3rd Place | K85: =IF(OR(I85="",J85="",$G85="",$H85=""),0,IF(AND(I85=$G85,J85=$H85),8,IF(SIGN(I85-J85)=SIGN($G85-$H85),3,0))) -> 0 | N85: =IF(OR(L85="",M85="",$G85="",$H85=""),0,IF(AND(L85=$G85,M85=$H85),8,IF(SIGN(L85-M85)=SIGN($G85-$H85),3,0))) -> 0 | Q85: =IF(OR(O85="",P85="",$G85="",$H85=""),0,IF(AND(O85=$G85,P85=$H85),8,IF(SIGN(O85-P85)=SIGN($G85-$H85),3,0))) -> 0 | T85: =IF(OR(R85="",S85="",$G85="",$H85=""),0,IF(AND(R85=$G85,S85=$H85),8,IF(SIGN(R85-S85)=SIGN($G85-$H85),3,0))) -> 0 | W85: =IF(OR(U85="",V85="",$G85="",$H85=""),0,IF(AND(U85=$G85,V85=$H85),8,IF(SIGN(U85-V85)=SIGN($G85-$H85),3,0))) -> 0 | Z85: =IF(OR(X85="",Y85="",$G85="",$H85=""),0,IF(AND(X85=$G85,Y85=$H85),8,IF(SIGN(X85-Y85)=SIGN($G85-$H85),3,0))) -> 0 | AC85: =IF(OR(AA85="",AB85="",$G85="",$H85=""),0,IF(AND(AA85=$G85,AB85=$H85),8,IF(SIGN(AA85-AB85)=SIGN($G85-$H85),3,0))) -> 0 | AF85: =IF(OR(AD85="",AE85="",$G85="",$H85=""),0,IF(AND(AD85=$G85,AE85=$H85),8,IF(SIGN(AD85-AE85)=SIGN($G85-$H85),3,0))) -> 0 | AI85: =IF(OR(AG85="",AH85="",$G85="",$H85=""),0,IF(AND(AG85=$G85,AH85=$H85),8,IF(SIGN(AG85-AH85)=SIGN($G85-$H85),3,0))) -> 0
A86: 83 | B86: 46205 | C86: Round of 32 | E86: Group H Winner | F86: Group J 2nd Place | G86: 2 | H86: 1 | K86: =IF(OR(I86="",J86="",$G86="",$H86=""),0,IF(AND(I86=$G86,J86=$H86),8,IF(SIGN(I86-J86)=SIGN($G86-$H86),3,0))) -> 0 | N86: =IF(OR(L86="",M86="",$G86="",$H86=""),0,IF(AND(L86=$G86,M86=$H86),8,IF(SIGN(L86-M86)=SIGN($G86-$H86),3,0))) -> 0 | Q86: =IF(OR(O86="",P86="",$G86="",$H86=""),0,IF(AND(O86=$G86,P86=$H86),8,IF(SIGN(O86-P86)=SIGN($G86-$H86),3,0))) -> 0 | T86: =IF(OR(R86="",S86="",$G86="",$H86=""),0,IF(AND(R86=$G86,S86=$H86),8,IF(SIGN(R86-S86)=SIGN($G86-$H86),3,0))) -> 0 | U86: 2 | V86: 1 | W86: =IF(OR(U86="",V86="",$G86="",$H86=""),0,IF(AND(U86=$G86,V86=$H86),8,IF(SIGN(U86-V86)=SIGN($G86-$H86),3,0))) -> 8 | Z86: =IF(OR(X86="",Y86="",$G86="",$H86=""),0,IF(AND(X86=$G86,Y86=$H86),8,IF(SIGN(X86-Y86)=SIGN($G86-$H86),3,0))) -> 0 | AC86: =IF(OR(AA86="",AB86="",$G86="",$H86=""),0,IF(AND(AA86=$G86,AB86=$H86),8,IF(SIGN(AA86-AB86)=SIGN($G86-$H86),3,0))) -> 0 | AF86: =IF(OR(AD86="",AE86="",$G86="",$H86=""),0,IF(AND(AD86=$G86,AE86=$H86),8,IF(SIGN(AD86-AE86)=SIGN($G86-$H86),3,0))) -> 0 | AI86: =IF(OR(AG86="",AH86="",$G86="",$H86=""),0,IF(AND(AG86=$G86,AH86=$H86),8,IF(SIGN(AG86-AH86)=SIGN($G86-$H86),3,0))) -> 0
A87: 84 | B87: 46205 | C87: Round of 32 | E87: Group K 2nd Place | F87: Group L 2nd Place | G87: 3 | H87: 0 | K87: =IF(OR(I87="",J87="",$G87="",$H87=""),0,IF(AND(I87=$G87,J87=$H87),8,IF(SIGN(I87-J87)=SIGN($G87-$H87),3,0))) -> 0 | N87: =IF(OR(L87="",M87="",$G87="",$H87=""),0,IF(AND(L87=$G87,M87=$H87),8,IF(SIGN(L87-M87)=SIGN($G87-$H87),3,0))) -> 0 | Q87: =IF(OR(O87="",P87="",$G87="",$H87=""),0,IF(AND(O87=$G87,P87=$H87),8,IF(SIGN(O87-P87)=SIGN($G87-$H87),3,0))) -> 0 | T87: =IF(OR(R87="",S87="",$G87="",$H87=""),0,IF(AND(R87=$G87,S87=$H87),8,IF(SIGN(R87-S87)=SIGN($G87-$H87),3,0))) -> 0 | U87: 2 | V87: 1 | W87: =IF(OR(U87="",V87="",$G87="",$H87=""),0,IF(AND(U87=$G87,V87=$H87),8,IF(SIGN(U87-V87)=SIGN($G87-$H87),3,0))) -> 3 | Z87: =IF(OR(X87="",Y87="",$G87="",$H87=""),0,IF(AND(X87=$G87,Y87=$H87),8,IF(SIGN(X87-Y87)=SIGN($G87-$H87),3,0))) -> 0 | AC87: =IF(OR(AA87="",AB87="",$G87="",$H87=""),0,IF(AND(AA87=$G87,AB87=$H87),8,IF(SIGN(AA87-AB87)=SIGN($G87-$H87),3,0))) -> 0 | AF87: =IF(OR(AD87="",AE87="",$G87="",$H87=""),0,IF(AND(AD87=$G87,AE87=$H87),8,IF(SIGN(AD87-AE87)=SIGN($G87-$H87),3,0))) -> 0 | AI87: =IF(OR(AG87="",AH87="",$G87="",$H87=""),0,IF(AND(AG87=$G87,AH87=$H87),8,IF(SIGN(AG87-AH87)=SIGN($G87-$H87),3,0))) -> 0
A88: 85 | B88: 46205 | C88: Round of 32 | E88: Group B Winner | F88: Group D/E/I/J/L 3rd Place | G88: 2 | H88: 0 | K88: =IF(OR(I88="",J88="",$G88="",$H88=""),0,IF(AND(I88=$G88,J88=$H88),8,IF(SIGN(I88-J88)=SIGN($G88-$H88),3,0))) -> 0 | N88: =IF(OR(L88="",M88="",$G88="",$H88=""),0,IF(AND(L88=$G88,M88=$H88),8,IF(SIGN(L88-M88)=SIGN($G88-$H88),3,0))) -> 0 | Q88: =IF(OR(O88="",P88="",$G88="",$H88=""),0,IF(AND(O88=$G88,P88=$H88),8,IF(SIGN(O88-P88)=SIGN($G88-$H88),3,0))) -> 0 | T88: =IF(OR(R88="",S88="",$G88="",$H88=""),0,IF(AND(R88=$G88,S88=$H88),8,IF(SIGN(R88-S88)=SIGN($G88-$H88),3,0))) -> 0 | U88: 2 | V88: 0 | W88: =IF(OR(U88="",V88="",$G88="",$H88=""),0,IF(AND(U88=$G88,V88=$H88),8,IF(SIGN(U88-V88)=SIGN($G88-$H88),3,0))) -> 8 | Z88: =IF(OR(X88="",Y88="",$G88="",$H88=""),0,IF(AND(X88=$G88,Y88=$H88),8,IF(SIGN(X88-Y88)=SIGN($G88-$H88),3,0))) -> 0 | AC88: =IF(OR(AA88="",AB88="",$G88="",$H88=""),0,IF(AND(AA88=$G88,AB88=$H88),8,IF(SIGN(AA88-AB88)=SIGN($G88-$H88),3,0))) -> 0 | AF88: =IF(OR(AD88="",AE88="",$G88="",$H88=""),0,IF(AND(AD88=$G88,AE88=$H88),8,IF(SIGN(AD88-AE88)=SIGN($G88-$H88),3,0))) -> 0 | AI88: =IF(OR(AG88="",AH88="",$G88="",$H88=""),0,IF(AND(AG88=$G88,AH88=$H88),8,IF(SIGN(AG88-AH88)=SIGN($G88-$H88),3,0))) -> 0
A89: 86 | B89: 46206 | C89: Round of 32 | E89: Group D 2nd Place | F89: Group G 2nd Place | K89: =IF(OR(I89="",J89="",$G89="",$H89=""),0,IF(AND(I89=$G89,J89=$H89),8,IF(SIGN(I89-J89)=SIGN($G89-$H89),3,0))) -> 0 | N89: =IF(OR(L89="",M89="",$G89="",$H89=""),0,IF(AND(L89=$G89,M89=$H89),8,IF(SIGN(L89-M89)=SIGN($G89-$H89),3,0))) -> 0 | Q89: =IF(OR(O89="",P89="",$G89="",$H89=""),0,IF(AND(O89=$G89,P89=$H89),8,IF(SIGN(O89-P89)=SIGN($G89-$H89),3,0))) -> 0 | T89: =IF(OR(R89="",S89="",$G89="",$H89=""),0,IF(AND(R89=$G89,S89=$H89),8,IF(SIGN(R89-S89)=SIGN($G89-$H89),3,0))) -> 0 | W89: =IF(OR(U89="",V89="",$G89="",$H89=""),0,IF(AND(U89=$G89,V89=$H89),8,IF(SIGN(U89-V89)=SIGN($G89-$H89),3,0))) -> 0 | Z89: =IF(OR(X89="",Y89="",$G89="",$H89=""),0,IF(AND(X89=$G89,Y89=$H89),8,IF(SIGN(X89-Y89)=SIGN($G89-$H89),3,0))) -> 0 | AC89: =IF(OR(AA89="",AB89="",$G89="",$H89=""),0,IF(AND(AA89=$G89,AB89=$H89),8,IF(SIGN(AA89-AB89)=SIGN($G89-$H89),3,0))) -> 0 | AF89: =IF(OR(AD89="",AE89="",$G89="",$H89=""),0,IF(AND(AD89=$G89,AE89=$H89),8,IF(SIGN(AD89-AE89)=SIGN($G89-$H89),3,0))) -> 0 | AI89: =IF(OR(AG89="",AH89="",$G89="",$H89=""),0,IF(AND(AG89=$G89,AH89=$H89),8,IF(SIGN(AG89-AH89)=SIGN($G89-$H89),3,0))) -> 0
A90: 87 | B90: 46206 | C90: Round of 32 | E90: Group J Winner | F90: Group H 2nd Place | K90: =IF(OR(I90="",J90="",$G90="",$H90=""),0,IF(AND(I90=$G90,J90=$H90),8,IF(SIGN(I90-J90)=SIGN($G90-$H90),3,0))) -> 0 | N90: =IF(OR(L90="",M90="",$G90="",$H90=""),0,IF(AND(L90=$G90,M90=$H90),8,IF(SIGN(L90-M90)=SIGN($G90-$H90),3,0))) -> 0 | Q90: =IF(OR(O90="",P90="",$G90="",$H90=""),0,IF(AND(O90=$G90,P90=$H90),8,IF(SIGN(O90-P90)=SIGN($G90-$H90),3,0))) -> 0 | T90: =IF(OR(R90="",S90="",$G90="",$H90=""),0,IF(AND(R90=$G90,S90=$H90),8,IF(SIGN(R90-S90)=SIGN($G90-$H90),3,0))) -> 0 | W90: =IF(OR(U90="",V90="",$G90="",$H90=""),0,IF(AND(U90=$G90,V90=$H90),8,IF(SIGN(U90-V90)=SIGN($G90-$H90),3,0))) -> 0 | Z90: =IF(OR(X90="",Y90="",$G90="",$H90=""),0,IF(AND(X90=$G90,Y90=$H90),8,IF(SIGN(X90-Y90)=SIGN($G90-$H90),3,0))) -> 0 | AC90: =IF(OR(AA90="",AB90="",$G90="",$H90=""),0,IF(AND(AA90=$G90,AB90=$H90),8,IF(SIGN(AA90-AB90)=SIGN($G90-$H90),3,0))) -> 0 | AF90: =IF(OR(AD90="",AE90="",$G90="",$H90=""),0,IF(AND(AD90=$G90,AE90=$H90),8,IF(SIGN(AD90-AE90)=SIGN($G90-$H90),3,0))) -> 0 | AI90: =IF(OR(AG90="",AH90="",$G90="",$H90=""),0,IF(AND(AG90=$G90,AH90=$H90),8,IF(SIGN(AG90-AH90)=SIGN($G90-$H90),3,0))) -> 0
A91: 88 | B91: 46206 | C91: Round of 32 | E91: Group K Winner | F91: Group D/E/I/J/L 3rd Place | K91: =IF(OR(I91="",J91="",$G91="",$H91=""),0,IF(AND(I91=$G91,J91=$H91),8,IF(SIGN(I91-J91)=SIGN($G91-$H91),3,0))) -> 0 | N91: =IF(OR(L91="",M91="",$G91="",$H91=""),0,IF(AND(L91=$G91,M91=$H91),8,IF(SIGN(L91-M91)=SIGN($G91-$H91),3,0))) -> 0 | Q91: =IF(OR(O91="",P91="",$G91="",$H91=""),0,IF(AND(O91=$G91,P91=$H91),8,IF(SIGN(O91-P91)=SIGN($G91-$H91),3,0))) -> 0 | T91: =IF(OR(R91="",S91="",$G91="",$H91=""),0,IF(AND(R91=$G91,S91=$H91),8,IF(SIGN(R91-S91)=SIGN($G91-$H91),3,0))) -> 0 | W91: =IF(OR(U91="",V91="",$G91="",$H91=""),0,IF(AND(U91=$G91,V91=$H91),8,IF(SIGN(U91-V91)=SIGN($G91-$H91),3,0))) -> 0 | Z91: =IF(OR(X91="",Y91="",$G91="",$H91=""),0,IF(AND(X91=$G91,Y91=$H91),8,IF(SIGN(X91-Y91)=SIGN($G91-$H91),3,0))) -> 0 | AC91: =IF(OR(AA91="",AB91="",$G91="",$H91=""),0,IF(AND(AA91=$G91,AB91=$H91),8,IF(SIGN(AA91-AB91)=SIGN($G91-$H91),3,0))) -> 0 | AF91: =IF(OR(AD91="",AE91="",$G91="",$H91=""),0,IF(AND(AD91=$G91,AE91=$H91),8,IF(SIGN(AD91-AE91)=SIGN($G91-$H91),3,0))) -> 0 | AI91: =IF(OR(AG91="",AH91="",$G91="",$H91=""),0,IF(AND(AG91=$G91,AH91=$H91),8,IF(SIGN(AG91-AH91)=SIGN($G91-$H91),3,0))) -> 0
A92: 89 | B92: 46207 | C92: Round of 16 | E92: TBD | F92: TBD | K92: =IF(OR(I92="",J92="",$G92="",$H92=""),0,IF(AND(I92=$G92,J92=$H92),8,IF(SIGN(I92-J92)=SIGN($G92-$H92),3,0))) -> 0 | N92: =IF(OR(L92="",M92="",$G92="",$H92=""),0,IF(AND(L92=$G92,M92=$H92),8,IF(SIGN(L92-M92)=SIGN($G92-$H92),3,0))) -> 0 | Q92: =IF(OR(O92="",P92="",$G92="",$H92=""),0,IF(AND(O92=$G92,P92=$H92),8,IF(SIGN(O92-P92)=SIGN($G92-$H92),3,0))) -> 0 | T92: =IF(OR(R92="",S92="",$G92="",$H92=""),0,IF(AND(R92=$G92,S92=$H92),8,IF(SIGN(R92-S92)=SIGN($G92-$H92),3,0))) -> 0 | W92: =IF(OR(U92="",V92="",$G92="",$H92=""),0,IF(AND(U92=$G92,V92=$H92),8,IF(SIGN(U92-V92)=SIGN($G92-$H92),3,0))) -> 0 | Z92: =IF(OR(X92="",Y92="",$G92="",$H92=""),0,IF(AND(X92=$G92,Y92=$H92),8,IF(SIGN(X92-Y92)=SIGN($G92-$H92),3,0))) -> 0 | AC92: =IF(OR(AA92="",AB92="",$G92="",$H92=""),0,IF(AND(AA92=$G92,AB92=$H92),8,IF(SIGN(AA92-AB92)=SIGN($G92-$H92),3,0))) -> 0 | AF92: =IF(OR(AD92="",AE92="",$G92="",$H92=""),0,IF(AND(AD92=$G92,AE92=$H92),8,IF(SIGN(AD92-AE92)=SIGN($G92-$H92),3,0))) -> 0 | AI92: =IF(OR(AG92="",AH92="",$G92="",$H92=""),0,IF(AND(AG92=$G92,AH92=$H92),8,IF(SIGN(AG92-AH92)=SIGN($G92-$H92),3,0))) -> 0
A93: 90 | B93: 46207 | C93: Round of 16 | E93: TBD | F93: TBD | K93: =IF(OR(I93="",J93="",$G93="",$H93=""),0,IF(AND(I93=$G93,J93=$H93),8,IF(SIGN(I93-J93)=SIGN($G93-$H93),3,0))) -> 0 | N93: =IF(OR(L93="",M93="",$G93="",$H93=""),0,IF(AND(L93=$G93,M93=$H93),8,IF(SIGN(L93-M93)=SIGN($G93-$H93),3,0))) -> 0 | Q93: =IF(OR(O93="",P93="",$G93="",$H93=""),0,IF(AND(O93=$G93,P93=$H93),8,IF(SIGN(O93-P93)=SIGN($G93-$H93),3,0))) -> 0 | T93: =IF(OR(R93="",S93="",$G93="",$H93=""),0,IF(AND(R93=$G93,S93=$H93),8,IF(SIGN(R93-S93)=SIGN($G93-$H93),3,0))) -> 0 | W93: =IF(OR(U93="",V93="",$G93="",$H93=""),0,IF(AND(U93=$G93,V93=$H93),8,IF(SIGN(U93-V93)=SIGN($G93-$H93),3,0))) -> 0 | Z93: =IF(OR(X93="",Y93="",$G93="",$H93=""),0,IF(AND(X93=$G93,Y93=$H93),8,IF(SIGN(X93-Y93)=SIGN($G93-$H93),3,0))) -> 0 | AC93: =IF(OR(AA93="",AB93="",$G93="",$H93=""),0,IF(AND(AA93=$G93,AB93=$H93),8,IF(SIGN(AA93-AB93)=SIGN($G93-$H93),3,0))) -> 0 | AF93: =IF(OR(AD93="",AE93="",$G93="",$H93=""),0,IF(AND(AD93=$G93,AE93=$H93),8,IF(SIGN(AD93-AE93)=SIGN($G93-$H93),3,0))) -> 0 | AI93: =IF(OR(AG93="",AH93="",$G93="",$H93=""),0,IF(AND(AG93=$G93,AH93=$H93),8,IF(SIGN(AG93-AH93)=SIGN($G93-$H93),3,0))) -> 0
A94: 91 | B94: 46208 | C94: Round of 16 | E94: TBD | F94: TBD | K94: =IF(OR(I94="",J94="",$G94="",$H94=""),0,IF(AND(I94=$G94,J94=$H94),8,IF(SIGN(I94-J94)=SIGN($G94-$H94),3,0))) -> 0 | N94: =IF(OR(L94="",M94="",$G94="",$H94=""),0,IF(AND(L94=$G94,M94=$H94),8,IF(SIGN(L94-M94)=SIGN($G94-$H94),3,0))) -> 0 | Q94: =IF(OR(O94="",P94="",$G94="",$H94=""),0,IF(AND(O94=$G94,P94=$H94),8,IF(SIGN(O94-P94)=SIGN($G94-$H94),3,0))) -> 0 | T94: =IF(OR(R94="",S94="",$G94="",$H94=""),0,IF(AND(R94=$G94,S94=$H94),8,IF(SIGN(R94-S94)=SIGN($G94-$H94),3,0))) -> 0 | W94: =IF(OR(U94="",V94="",$G94="",$H94=""),0,IF(AND(U94=$G94,V94=$H94),8,IF(SIGN(U94-V94)=SIGN($G94-$H94),3,0))) -> 0 | Z94: =IF(OR(X94="",Y94="",$G94="",$H94=""),0,IF(AND(X94=$G94,Y94=$H94),8,IF(SIGN(X94-Y94)=SIGN($G94-$H94),3,0))) -> 0 | AC94: =IF(OR(AA94="",AB94="",$G94="",$H94=""),0,IF(AND(AA94=$G94,AB94=$H94),8,IF(SIGN(AA94-AB94)=SIGN($G94-$H94),3,0))) -> 0 | AF94: =IF(OR(AD94="",AE94="",$G94="",$H94=""),0,IF(AND(AD94=$G94,AE94=$H94),8,IF(SIGN(AD94-AE94)=SIGN($G94-$H94),3,0))) -> 0 | AI94: =IF(OR(AG94="",AH94="",$G94="",$H94=""),0,IF(AND(AG94=$G94,AH94=$H94),8,IF(SIGN(AG94-AH94)=SIGN($G94-$H94),3,0))) -> 0
A95: 92 | B95: 46208 | C95: Round of 16 | E95: TBD | F95: TBD | K95: =IF(OR(I95="",J95="",$G95="",$H95=""),0,IF(AND(I95=$G95,J95=$H95),8,IF(SIGN(I95-J95)=SIGN($G95-$H95),3,0))) -> 0 | N95: =IF(OR(L95="",M95="",$G95="",$H95=""),0,IF(AND(L95=$G95,M95=$H95),8,IF(SIGN(L95-M95)=SIGN($G95-$H95),3,0))) -> 0 | Q95: =IF(OR(O95="",P95="",$G95="",$H95=""),0,IF(AND(O95=$G95,P95=$H95),8,IF(SIGN(O95-P95)=SIGN($G95-$H95),3,0))) -> 0 | T95: =IF(OR(R95="",S95="",$G95="",$H95=""),0,IF(AND(R95=$G95,S95=$H95),8,IF(SIGN(R95-S95)=SIGN($G95-$H95),3,0))) -> 0 | W95: =IF(OR(U95="",V95="",$G95="",$H95=""),0,IF(AND(U95=$G95,V95=$H95),8,IF(SIGN(U95-V95)=SIGN($G95-$H95),3,0))) -> 0 | Z95: =IF(OR(X95="",Y95="",$G95="",$H95=""),0,IF(AND(X95=$G95,Y95=$H95),8,IF(SIGN(X95-Y95)=SIGN($G95-$H95),3,0))) -> 0 | AC95: =IF(OR(AA95="",AB95="",$G95="",$H95=""),0,IF(AND(AA95=$G95,AB95=$H95),8,IF(SIGN(AA95-AB95)=SIGN($G95-$H95),3,0))) -> 0 | AF95: =IF(OR(AD95="",AE95="",$G95="",$H95=""),0,IF(AND(AD95=$G95,AE95=$H95),8,IF(SIGN(AD95-AE95)=SIGN($G95-$H95),3,0))) -> 0 | AI95: =IF(OR(AG95="",AH95="",$G95="",$H95=""),0,IF(AND(AG95=$G95,AH95=$H95),8,IF(SIGN(AG95-AH95)=SIGN($G95-$H95),3,0))) -> 0
A96: 93 | B96: 46209 | C96: Round of 16 | E96: TBD | F96: TBD | K96: =IF(OR(I96="",J96="",$G96="",$H96=""),0,IF(AND(I96=$G96,J96=$H96),8,IF(SIGN(I96-J96)=SIGN($G96-$H96),3,0))) -> 0 | N96: =IF(OR(L96="",M96="",$G96="",$H96=""),0,IF(AND(L96=$G96,M96=$H96),8,IF(SIGN(L96-M96)=SIGN($G96-$H96),3,0))) -> 0 | Q96: =IF(OR(O96="",P96="",$G96="",$H96=""),0,IF(AND(O96=$G96,P96=$H96),8,IF(SIGN(O96-P96)=SIGN($G96-$H96),3,0))) -> 0 | T96: =IF(OR(R96="",S96="",$G96="",$H96=""),0,IF(AND(R96=$G96,S96=$H96),8,IF(SIGN(R96-S96)=SIGN($G96-$H96),3,0))) -> 0 | W96: =IF(OR(U96="",V96="",$G96="",$H96=""),0,IF(AND(U96=$G96,V96=$H96),8,IF(SIGN(U96-V96)=SIGN($G96-$H96),3,0))) -> 0 | Z96: =IF(OR(X96="",Y96="",$G96="",$H96=""),0,IF(AND(X96=$G96,Y96=$H96),8,IF(SIGN(X96-Y96)=SIGN($G96-$H96),3,0))) -> 0 | AC96: =IF(OR(AA96="",AB96="",$G96="",$H96=""),0,IF(AND(AA96=$G96,AB96=$H96),8,IF(SIGN(AA96-AB96)=SIGN($G96-$H96),3,0))) -> 0 | AF96: =IF(OR(AD96="",AE96="",$G96="",$H96=""),0,IF(AND(AD96=$G96,AE96=$H96),8,IF(SIGN(AD96-AE96)=SIGN($G96-$H96),3,0))) -> 0 | AI96: =IF(OR(AG96="",AH96="",$G96="",$H96=""),0,IF(AND(AG96=$G96,AH96=$H96),8,IF(SIGN(AG96-AH96)=SIGN($G96-$H96),3,0))) -> 0
A97: 94 | B97: 46209 | C97: Round of 16 | E97: TBD | F97: TBD | K97: =IF(OR(I97="",J97="",$G97="",$H97=""),0,IF(AND(I97=$G97,J97=$H97),8,IF(SIGN(I97-J97)=SIGN($G97-$H97),3,0))) -> 0 | N97: =IF(OR(L97="",M97="",$G97="",$H97=""),0,IF(AND(L97=$G97,M97=$H97),8,IF(SIGN(L97-M97)=SIGN($G97-$H97),3,0))) -> 0 | Q97: =IF(OR(O97="",P97="",$G97="",$H97=""),0,IF(AND(O97=$G97,P97=$H97),8,IF(SIGN(O97-P97)=SIGN($G97-$H97),3,0))) -> 0 | T97: =IF(OR(R97="",S97="",$G97="",$H97=""),0,IF(AND(R97=$G97,S97=$H97),8,IF(SIGN(R97-S97)=SIGN($G97-$H97),3,0))) -> 0 | W97: =IF(OR(U97="",V97="",$G97="",$H97=""),0,IF(AND(U97=$G97,V97=$H97),8,IF(SIGN(U97-V97)=SIGN($G97-$H97),3,0))) -> 0 | Z97: =IF(OR(X97="",Y97="",$G97="",$H97=""),0,IF(AND(X97=$G97,Y97=$H97),8,IF(SIGN(X97-Y97)=SIGN($G97-$H97),3,0))) -> 0 | AC97: =IF(OR(AA97="",AB97="",$G97="",$H97=""),0,IF(AND(AA97=$G97,AB97=$H97),8,IF(SIGN(AA97-AB97)=SIGN($G97-$H97),3,0))) -> 0 | AF97: =IF(OR(AD97="",AE97="",$G97="",$H97=""),0,IF(AND(AD97=$G97,AE97=$H97),8,IF(SIGN(AD97-AE97)=SIGN($G97-$H97),3,0))) -> 0 | AI97: =IF(OR(AG97="",AH97="",$G97="",$H97=""),0,IF(AND(AG97=$G97,AH97=$H97),8,IF(SIGN(AG97-AH97)=SIGN($G97-$H97),3,0))) -> 0
A98: 95 | B98: 46210 | C98: Round of 16 | E98: TBD | F98: TBD | K98: =IF(OR(I98="",J98="",$G98="",$H98=""),0,IF(AND(I98=$G98,J98=$H98),8,IF(SIGN(I98-J98)=SIGN($G98-$H98),3,0))) -> 0 | N98: =IF(OR(L98="",M98="",$G98="",$H98=""),0,IF(AND(L98=$G98,M98=$H98),8,IF(SIGN(L98-M98)=SIGN($G98-$H98),3,0))) -> 0 | Q98: =IF(OR(O98="",P98="",$G98="",$H98=""),0,IF(AND(O98=$G98,P98=$H98),8,IF(SIGN(O98-P98)=SIGN($G98-$H98),3,0))) -> 0 | T98: =IF(OR(R98="",S98="",$G98="",$H98=""),0,IF(AND(R98=$G98,S98=$H98),8,IF(SIGN(R98-S98)=SIGN($G98-$H98),3,0))) -> 0 | W98: =IF(OR(U98="",V98="",$G98="",$H98=""),0,IF(AND(U98=$G98,V98=$H98),8,IF(SIGN(U98-V98)=SIGN($G98-$H98),3,0))) -> 0 | Z98: =IF(OR(X98="",Y98="",$G98="",$H98=""),0,IF(AND(X98=$G98,Y98=$H98),8,IF(SIGN(X98-Y98)=SIGN($G98-$H98),3,0))) -> 0 | AC98: =IF(OR(AA98="",AB98="",$G98="",$H98=""),0,IF(AND(AA98=$G98,AB98=$H98),8,IF(SIGN(AA98-AB98)=SIGN($G98-$H98),3,0))) -> 0 | AF98: =IF(OR(AD98="",AE98="",$G98="",$H98=""),0,IF(AND(AD98=$G98,AE98=$H98),8,IF(SIGN(AD98-AE98)=SIGN($G98-$H98),3,0))) -> 0 | AI98: =IF(OR(AG98="",AH98="",$G98="",$H98=""),0,IF(AND(AG98=$G98,AH98=$H98),8,IF(SIGN(AG98-AH98)=SIGN($G98-$H98),3,0))) -> 0
A99: 96 | B99: 46210 | C99: Round of 16 | E99: TBD | F99: TBD | K99: =IF(OR(I99="",J99="",$G99="",$H99=""),0,IF(AND(I99=$G99,J99=$H99),8,IF(SIGN(I99-J99)=SIGN($G99-$H99),3,0))) -> 0 | N99: =IF(OR(L99="",M99="",$G99="",$H99=""),0,IF(AND(L99=$G99,M99=$H99),8,IF(SIGN(L99-M99)=SIGN($G99-$H99),3,0))) -> 0 | Q99: =IF(OR(O99="",P99="",$G99="",$H99=""),0,IF(AND(O99=$G99,P99=$H99),8,IF(SIGN(O99-P99)=SIGN($G99-$H99),3,0))) -> 0 | T99: =IF(OR(R99="",S99="",$G99="",$H99=""),0,IF(AND(R99=$G99,S99=$H99),8,IF(SIGN(R99-S99)=SIGN($G99-$H99),3,0))) -> 0 | W99: =IF(OR(U99="",V99="",$G99="",$H99=""),0,IF(AND(U99=$G99,V99=$H99),8,IF(SIGN(U99-V99)=SIGN($G99-$H99),3,0))) -> 0 | Z99: =IF(OR(X99="",Y99="",$G99="",$H99=""),0,IF(AND(X99=$G99,Y99=$H99),8,IF(SIGN(X99-Y99)=SIGN($G99-$H99),3,0))) -> 0 | AC99: =IF(OR(AA99="",AB99="",$G99="",$H99=""),0,IF(AND(AA99=$G99,AB99=$H99),8,IF(SIGN(AA99-AB99)=SIGN($G99-$H99),3,0))) -> 0 | AF99: =IF(OR(AD99="",AE99="",$G99="",$H99=""),0,IF(AND(AD99=$G99,AE99=$H99),8,IF(SIGN(AD99-AE99)=SIGN($G99-$H99),3,0))) -> 0 | AI99: =IF(OR(AG99="",AH99="",$G99="",$H99=""),0,IF(AND(AG99=$G99,AH99=$H99),8,IF(SIGN(AG99-AH99)=SIGN($G99-$H99),3,0))) -> 0
A100: 97 | B100: 46212 | C100: Quarterfinal | E100: TBD | F100: TBD | K100: =IF(OR(I100="",J100="",$G100="",$H100=""),0,IF(AND(I100=$G100,J100=$H100),8,IF(SIGN(I100-J100)=SIGN($G100-$H100),3,0))) -> 0 | N100: =IF(OR(L100="",M100="",$G100="",$H100=""),0,IF(AND(L100=$G100,M100=$H100),8,IF(SIGN(L100-M100)=SIGN($G100-$H100),3,0))) -> 0 | Q100: =IF(OR(O100="",P100="",$G100="",$H100=""),0,IF(AND(O100=$G100,P100=$H100),8,IF(SIGN(O100-P100)=SIGN($G100-$H100),3,0))) -> 0 | T100: =IF(OR(R100="",S100="",$G100="",$H100=""),0,IF(AND(R100=$G100,S100=$H100),8,IF(SIGN(R100-S100)=SIGN($G100-$H100),3,0))) -> 0 | W100: =IF(OR(U100="",V100="",$G100="",$H100=""),0,IF(AND(U100=$G100,V100=$H100),8,IF(SIGN(U100-V100)=SIGN($G100-$H100),3,0))) -> 0 | Z100: =IF(OR(X100="",Y100="",$G100="",$H100=""),0,IF(AND(X100=$G100,Y100=$H100),8,IF(SIGN(X100-Y100)=SIGN($G100-$H100),3,0))) -> 0 | AC100: =IF(OR(AA100="",AB100="",$G100="",$H100=""),0,IF(AND(AA100=$G100,AB100=$H100),8,IF(SIGN(AA100-AB100)=SIGN($G100-$H100),3,0))) -> 0 | AF100: =IF(OR(AD100="",AE100="",$G100="",$H100=""),0,IF(AND(AD100=$G100,AE100=$H100),8,IF(SIGN(AD100-AE100)=SIGN($G100-$H100),3,0))) -> 0 | AI100: =IF(OR(AG100="",AH100="",$G100="",$H100=""),0,IF(AND(AG100=$G100,AH100=$H100),8,IF(SIGN(AG100-AH100)=SIGN($G100-$H100),3,0))) -> 0
... A107: 104 | B107: 46222 | C107: Final | E107: Winner Match 101 | F107: Winner Match 102 | K107: =IF(OR(I107="",J107="",$G107="",$H107=""),0,IF(AND(I107=$G107,J107=$H107),8,IF(SIGN(I107-J107)=SIGN($G107-$H107),3,0))) -> 0 | N107: =IF(OR(L107="",M107="",$G107="",$H107=""),0,IF(AND(L107=$G107,M107=$H107),8,IF(SIGN(L107-M107)=SIGN($G107-$H107),3,0))) -> 0 | Q107: =IF(OR(O107="",P107="",$G107="",$H107=""),0,IF(AND(O107=$G107,P107=$H107),8,IF(SIGN(O107-P107)=SIGN($G107-$H107),3,0))) -> 0 | T107: =IF(OR(R107="",S107="",$G107="",$H107=""),0,IF(AND(R107=$G107,S107=$H107),8,IF(SIGN(R107-S107)=SIGN($G107-$H107),3,0))) -> 0 | W107: =IF(OR(U107="",V107="",$G107="",$H107=""),0,IF(AND(U107=$G107,V107=$H107),8,IF(SIGN(U107-V107)=SIGN($G107-$H107),3,0))) -> 0 | Z107: =IF(OR(X107="",Y107="",$G107="",$H107=""),0,IF(AND(X107=$G107,Y107=$H107),8,IF(SIGN(X107-Y107)=SIGN($G107-$H107),3,0))) -> 0 | AC107: =IF(OR(AA107="",AB107="",$G107="",$H107=""),0,IF(AND(AA107=$G107,AB107=$H107),8,IF(SIGN(AA107-AB107)=SIGN($G107-$H107),3,0))) -> 0 | AF107: =IF(OR(AD107="",AE107="",$G107="",$H107=""),0,IF(AND(AD107=$G107,AE107=$H107),8,IF(SIGN(AD107-AE107)=SIGN($G107-$H107),3,0))) -> 0 | AI107: =IF(OR(AG107="",AH107="",$G107="",$H107=""),0,IF(AND(AG107=$G107,AH107=$H107),8,IF(SIGN(AG107-AH107)=SIGN($G107-$H107),3,0))) -> 0

Sheet Schedule
A1: 📅 FULL SCHEDULE — all 104 fixtures (kickoff times in ET)
A2: Match # | B2: Date | C2: Stage | D2: Group | E2: Home | F2: Away | G2: Venue | H2: Kickoff (ET)
A3: 1 | B3: 46184 | C3: Group Stage | D3: A | E3: Mexico | F3: South Africa | G3: Mexico City Stadium | H3: 3:00 PM ET
A4: 2 | B4: 46184 | C4: Group Stage | D4: A | E4: South Korea | F4: Czechia | G4: Guadalajara Stadium | H4: 10:00 PM ET
A5: 3 | B5: 46185 | C5: Group Stage | D5: B | E5: Canada | F5: Bosnia and Herzegovina | G5: Toronto Stadium | H5: 3:00 PM ET
A6: 4 | B6: 46185 | C6: Group Stage | D6: D | E6: USA | F6: Paraguay | G6: Los Angeles Stadium | H6: 9:00 PM ET
A7: 5 | B7: 46186 | C7: Group Stage | D7: B | E7: Qatar | F7: Switzerland | G7: San Francisco Bay Stadium | H7: 3:00 PM ET
A8: 6 | B8: 46186 | C8: Group Stage | D8: C | E8: Brazil | F8: Morocco | G8: New York New Jersey Stadium | H8: 6:00 PM ET
A9: 7 | B9: 46186 | C9: Group Stage | D9: C | E9: Haiti | F9: Scotland | G9: Boston Stadium | H9: 9:00 PM ET
A10: 8 | B10: 46186 | C10: Group Stage | D10: D | E10: Australia | F10: Türkiye | G10: BC Place Vancouver | H10: 12:00 AM ET
A11: 9 | B11: 46187 | C11: Group Stage | D11: E | E11: Germany | F11: Curaçao | G11: Houston Stadium | H11: 1:00 PM ET
A12: 10 | B12: 46187 | C12: Group Stage | D12: F | E12: Netherlands | F12: Japan | G12: Dallas Stadium | H12: 4:00 PM ET
A13: 11 | B13: 46187 | C13: Group Stage | D13: E | E13: Ivory Coast | F13: Ecuador | G13: Philadelphia Stadium | H13: 7:00 PM ET
A14: 12 | B14: 46187 | C14: Group Stage | D14: F | E14: Tunisia | F14: Sweden | G14: Monterrey Stadium | H14: 10:00 PM ET
... A74: 72 | B74: 46200 | C74: Group Stage | D74: J | E74: Algeria | F74: Austria | G74: Kansas City Stadium | H74: 10:00 PM ET
A75: 73 | B75: 46201 | C75: Round of 32 | E75: Group A 2nd Place | F75: Group B 2nd Place | G75: Los Angeles Stadium | H75: 3:00 PM ET
A76: 74 | B76: 46202 | C76: Round of 32 | E76: Group C Winner | F76: Group F 2nd Place | G76: Houston Stadium | H76: 1:00 PM ET
A77: 75 | B77: 46202 | C77: Round of 32 | E77: Group E Winner | F77: Group A/B/C/D/F 3rd Place | G77: Boston Stadium | H77: 4:30 PM ET
A78: 76 | B78: 46202 | C78: Round of 32 | E78: Group F Winner | F78: Group C 2nd Place | G78: Monterrey Stadium | H78: 9:00 PM ET
A79: 77 | B79: 46203 | C79: Round of 32 | E79: Group E 2nd Place | F79: Group I 2nd Place | G79: Dallas Stadium | H79: 1:00 PM ET
A80: 78 | B80: 46203 | C80: Round of 32 | E80: Group I Winner | F80: Group C/D/F/G/H 3rd Place | G80: New York New Jersey Stadium | H80: 5:00 PM ET
A81: 79 | B81: 46203 | C81: Round of 32 | E81: Group A Winner | F81: Group C/E/F/H/I 3rd Place | G81: Mexico City Stadium | H81: 9:00 PM ET
A82: 80 | B82: 46204 | C82: Round of 32 | E82: Group L Winner | F82: Group E/H/I/J/K 3rd Place | G82: Atlanta Stadium | H82: 12:00 PM ET
A83: 81 | B83: 46204 | C83: Round of 32 | E83: Group G Winner | F83: Group A/E/H/I/J 3rd Place | G83: Seattle Stadium | H83: 4:00 PM ET
A84: 82 | B84: 46204 | C84: Round of 32 | E84: Group D Winner | F84: Group B/E/F/I/J 3rd Place | G84: San Francisco Bay Stadium | H84: 8:00 PM ET
A85: 83 | B85: 46205 | C85: Round of 32 | E85: Group H Winner | F85: Group J 2nd Place | G85: Los Angeles Stadium | H85: 3:00 PM ET
A86: 84 | B86: 46205 | C86: Round of 32 | E86: Group K 2nd Place | F86: Group L 2nd Place | G86: Toronto Stadium | H86: 7:00 PM ET
... A106: 104 | B106: 46222 | C106: Final | E106: Winner Match 101 | F106: Winner Match 102 | G106: New York New Jersey Stadium | H106: 3:00 PM ET

Sheet Tournament Picks
A1: 🏆 PRE-TOURNAMENT PICKS — Champion 25 · Runner-Up 15 · Semifinalists 10 each (max 80)
B3: ACTUAL RESULTS — fill in as each stage is reached:
B4: Champion
B5: Runner-Up
B6: Semifinalists (all 4)
A8: Player | B8: Champion | C8: Runner-Up | D8: SF 1 | E8: SF 2 | F8: SF 3 | G8: SF 4 | H8: Champ | I8: R-Up | J8: SFs | K8: Total
A9: ='Match Predictions'!I2 -> Ewan | B9: Spain | H9: =IF(AND(B9<>"",B9=$C$4),25,0) -> 0 | I9: =IF(AND(C9<>"",C9=$C$5),15,0) -> 0 | J9: =IF(AND(D9<>"",COUNTIF($C$6:$F$6,D9)>0),10,0)+IF(AND(E9<>"",COUNTIF($C$6:$F$6,E9)>0),10,0)+IF(AND(F9<>"",COUNTIF($C$6:$F$6,F9)>0),10,0)+IF(AND(G9<>"",COUNTIF($C$6:$F$6,G9)>0),10,0) -> 0 | K9: =SUM(H9:J9) -> 0
A10: ='Match Predictions'!L2 -> Nana | B10: France | H10: =IF(AND(B10<>"",B10=$C$4),25,0) -> 0 | I10: =IF(AND(C10<>"",C10=$C$5),15,0) -> 0 | J10: =IF(AND(D10<>"",COUNTIF($C$6:$F$6,D10)>0),10,0)+IF(AND(E10<>"",COUNTIF($C$6:$F$6,E10)>0),10,0)+IF(AND(F10<>"",COUNTIF($C$6:$F$6,F10)>0),10,0)+IF(AND(G10<>"",COUNTIF($C$6:$F$6,G10)>0),10,0) -> 0 | K10: =SUM(H10:J10) -> 0
A11: ='Match Predictions'!O2 -> Emrys | H11: =IF(AND(B11<>"",B11=$C$4),25,0) -> 0 | I11: =IF(AND(C11<>"",C11=$C$5),15,0) -> 0 | J11: =IF(AND(D11<>"",COUNTIF($C$6:$F$6,D11)>0),10,0)+IF(AND(E11<>"",COUNTIF($C$6:$F$6,E11)>0),10,0)+IF(AND(F11<>"",COUNTIF($C$6:$F$6,F11)>0),10,0)+IF(AND(G11<>"",COUNTIF($C$6:$F$6,G11)>0),10,0) -> 0 | K11: =SUM(H11:J11) -> 0
A12: ='Match Predictions'!R2 -> Nonno | B12: Brazil | H12: =IF(AND(B12<>"",B12=$C$4),25,0) -> 0 | I12: =IF(AND(C12<>"",C12=$C$5),15,0) -> 0 | J12: =IF(AND(D12<>"",COUNTIF($C$6:$F$6,D12)>0),10,0)+IF(AND(E12<>"",COUNTIF($C$6:$F$6,E12)>0),10,0)+IF(AND(F12<>"",COUNTIF($C$6:$F$6,F12)>0),10,0)+IF(AND(G12<>"",COUNTIF($C$6:$F$6,G12)>0),10,0) -> 0 | K12: =SUM(H12:J12) -> 0
A13: ='Match Predictions'!U2 -> Nonna | H13: =IF(AND(B13<>"",B13=$C$4),25,0) -> 0 | I13: =IF(AND(C13<>"",C13=$C$5),15,0) -> 0 | J13: =IF(AND(D13<>"",COUNTIF($C$6:$F$6,D13)>0),10,0)+IF(AND(E13<>"",COUNTIF($C$6:$F$6,E13)>0),10,0)+IF(AND(F13<>"",COUNTIF($C$6:$F$6,F13)>0),10,0)+IF(AND(G13<>"",COUNTIF($C$6:$F$6,G13)>0),10,0) -> 0 | K13: =SUM(H13:J13) -> 0
A14: ='Match Predictions'!X2 -> Boompa | B14: France | H14: =IF(AND(B14<>"",B14=$C$4),25,0) -> 0 | I14: =IF(AND(C14<>"",C14=$C$5),15,0) -> 0 | J14: =IF(AND(D14<>"",COUNTIF($C$6:$F$6,D14)>0),10,0)+IF(AND(E14<>"",COUNTIF($C$6:$F$6,E14)>0),10,0)+IF(AND(F14<>"",COUNTIF($C$6:$F$6,F14)>0),10,0)+IF(AND(G14<>"",COUNTIF($C$6:$F$6,G14)>0),10,0) -> 0 | K14: =SUM(H14:J14) -> 0
A15: ='Match Predictions'!AA2 -> Xavier | H15: =IF(AND(B15<>"",B15=$C$4),25,0) -> 0 | I15: =IF(AND(C15<>"",C15=$C$5),15,0) -> 0 | J15: =IF(AND(D15<>"",COUNTIF($C$6:$F$6,D15)>0),10,0)+IF(AND(E15<>"",COUNTIF($C$6:$F$6,E15)>0),10,0)+IF(AND(F15<>"",COUNTIF($C$6:$F$6,F15)>0),10,0)+IF(AND(G15<>"",COUNTIF($C$6:$F$6,G15)>0),10,0) -> 0 | K15: =SUM(H15:J15) -> 0
A16: ='Match Predictions'!AD2 -> Autumn | H16: =IF(AND(B16<>"",B16=$C$4),25,0) -> 0 | I16: =IF(AND(C16<>"",C16=$C$5),15,0) -> 0 | J16: =IF(AND(D16<>"",COUNTIF($C$6:$F$6,D16)>0),10,0)+IF(AND(E16<>"",COUNTIF($C$6:$F$6,E16)>0),10,0)+IF(AND(F16<>"",COUNTIF($C$6:$F$6,F16)>0),10,0)+IF(AND(G16<>"",COUNTIF($C$6:$F$6,G16)>0),10,0) -> 0 | K16: =SUM(H16:J16) -> 0
A17: ='Match Predictions'!AG2 -> River | H17: =IF(AND(B17<>"",B17=$C$4),25,0) -> 0 | I17: =IF(AND(C17<>"",C17=$C$5),15,0) -> 0 | J17: =IF(AND(D17<>"",COUNTIF($C$6:$F$6,D17)>0),10,0)+IF(AND(E17<>"",COUNTIF($C$6:$F$6,E17)>0),10,0)+IF(AND(F17<>"",COUNTIF($C$6:$F$6,F17)>0),10,0)+IF(AND(G17<>"",COUNTIF($C$6:$F$6,G17)>0),10,0) -> 0 | K17: =SUM(H17:J17) -> 0

Sheet Leaderboard
A1: 🏆 LEADERBOARD
A2: Updates automatically. Sort by the TOTAL column (Largest to Smallest) or read the Rank column.
A3: Rank | B3: Player | C3: Pre-Tourney | D3: Match Pts | E3: TOTAL | F3: Exact Scores | G3: Correct Picks | H3: Accuracy | I3: Champion Pick
A4: =RANK(E4,$E$4:$E$12) -> 3 | B4: ='Match Predictions'!I2 -> Ewan | C4: ='Tournament Picks'!K9 -> 0 | D4: =SUM('Match Predictions'!K4:K107) -> 14 | E4: =C4+D4 -> 14 | F4: =COUNTIF('Match Predictions'!K4:K107,8) -> 1 | G4: =COUNTIF('Match Predictions'!K4:K107,">=3") -> 3 | H4: =IF(SUMPRODUCT(('Match Predictions'!I4:I107<>"")*('Match Predictions'!$G$4:$G$107<>""))=0,"",G4/SUMPRODUCT(('Match Predictions'!I4:I107<>"")*('Match Predictions'!$G$4:$G$107<>""))) -> 0.75 | I4: ='Tournament Picks'!B9 -> Spain
A5: =RANK(E5,$E$4:$E$12) -> 3 | B5: ='Match Predictions'!L2 -> Nana | C5: ='Tournament Picks'!K10 -> 0 | D5: =SUM('Match Predictions'!N4:N107) -> 14 | E5: =C5+D5 -> 14 | F5: =COUNTIF('Match Predictions'!N4:N107,8) -> 1 | G5: =COUNTIF('Match Predictions'!N4:N107,">=3") -> 3 | H5: =IF(SUMPRODUCT(('Match Predictions'!L4:L107<>"")*('Match Predictions'!$G$4:$G$107<>""))=0,"",G5/SUMPRODUCT(('Match Predictions'!L4:L107<>"")*('Match Predictions'!$G$4:$G$107<>""))) -> 0.75 | I5: ='Tournament Picks'!B10 -> France
A6: =RANK(E6,$E$4:$E$12) -> 6 | B6: ='Match Predictions'!O2 -> Emrys | C6: ='Tournament Picks'!K11 -> 0 | D6: =SUM('Match Predictions'!Q4:Q107) -> 9 | E6: =C6+D6 -> 9 | F6: =COUNTIF('Match Predictions'!Q4:Q107,8) -> 0 | G6: =COUNTIF('Match Predictions'!Q4:Q107,">=3") -> 3 | H6: =IF(SUMPRODUCT(('Match Predictions'!O4:O107<>"")*('Match Predictions'!$G$4:$G$107<>""))=0,"",G6/SUMPRODUCT(('Match Predictions'!O4:O107<>"")*('Match Predictions'!$G$4:$G$107<>""))) -> 0.75 | I6: ='Tournament Picks'!B11 -> 0
A7: =RANK(E7,$E$4:$E$12) -> 3 | B7: ='Match Predictions'!R2 -> Nonno | C7: ='Tournament Picks'!K12 -> 0 | D7: =SUM('Match Predictions'!T4:T107) -> 14 | E7: =C7+D7 -> 14 | F7: =COUNTIF('Match Predictions'!T4:T107,8) -> 1 | G7: =COUNTIF('Match Predictions'!T4:T107,">=3") -> 3 | H7: =IF(SUMPRODUCT(('Match Predictions'!R4:R107<>"")*('Match Predictions'!$G$4:$G$107<>""))=0,"",G7/SUMPRODUCT(('Match Predictions'!R4:R107<>"")*('Match Predictions'!$G$4:$G$107<>""))) -> 0.75 | I7: ='Tournament Picks'!B12 -> Brazil
A8: =RANK(E8,$E$4:$E$12) -> 1 | B8: ='Match Predictions'!U2 -> Nonna | C8: ='Tournament Picks'!K13 -> 0 | D8: =SUM('Match Predictions'!W4:W107) -> 30 | E8: =C8+D8 -> 30 | F8: =COUNTIF('Match Predictions'!W4:W107,8) -> 3 | G8: =COUNTIF('Match Predictions'!W4:W107,">=3") -> 5 | H8: =IF(SUMPRODUCT(('Match Predictions'!U4:U107<>"")*('Match Predictions'!$G$4:$G$107<>""))=0,"",G8/SUMPRODUCT(('Match Predictions'!U4:U107<>"")*('Match Predictions'!$G$4:$G$107<>""))) -> 0.83333333 | I8: ='Tournament Picks'!B13 -> 0
A9: =RANK(E9,$E$4:$E$12) -> 9 | B9: ='Match Predictions'!X2 -> Boompa | C9: ='Tournament Picks'!K14 -> 0 | D9: =SUM('Match Predictions'!Z4:Z107) -> 0 | E9: =C9+D9 -> 0 | F9: =COUNTIF('Match Predictions'!Z4:Z107,8) -> 0 | G9: =COUNTIF('Match Predictions'!Z4:Z107,">=3") -> 0 | H9: =IF(SUMPRODUCT(('Match Predictions'!X4:X107<>"")*('Match Predictions'!$G$4:$G$107<>""))=0,"",G9/SUMPRODUCT(('Match Predictions'!X4:X107<>"")*('Match Predictions'!$G$4:$G$107<>""))) -> 0 | I9: ='Tournament Picks'!B14 -> France
A10: =RANK(E10,$E$4:$E$12) -> 2 | B10: ='Match Predictions'!AA2 -> Xavier | C10: ='Tournament Picks'!K15 -> 0 | D10: =SUM('Match Predictions'!AC4:AC107) -> 27 | E10: =C10+D10 -> 27 | F10: =COUNTIF('Match Predictions'!AC4:AC107,8) -> 3 | G10: =COUNTIF('Match Predictions'!AC4:AC107,">=3") -> 4 | H10: =IF(SUMPRODUCT(('Match Predictions'!AA4:AA107<>"")*('Match Predictions'!$G$4:$G$107<>""))=0,"",G10/SUMPRODUCT(('Match Predictions'!AA4:AA107<>"")*('Match Predictions'!$G$4:$G$107<>""))) -> 1 | I10: ='Tournament Picks'!B15 -> 0
A11: =RANK(E11,$E$4:$E$12) -> 7 | B11: ='Match Predictions'!AD2 -> Autumn | C11: ='Tournament Picks'!K16 -> 0 | D11: =SUM('Match Predictions'!AF4:AF107) -> 8 | E11: =C11+D11 -> 8 | F11: =COUNTIF('Match Predictions'!AF4:AF107,8) -> 1 | G11: =COUNTIF('Match Predictions'!AF4:AF107,">=3") -> 1 | H11: =IF(SUMPRODUCT(('Match Predictions'!AD4:AD107<>"")*('Match Predictions'!$G$4:$G$107<>""))=0,"",G11/SUMPRODUCT(('Match Predictions'!AD4:AD107<>"")*('Match Predictions'!$G$4:$G$107<>""))) -> 0.25 | I11: ='Tournament Picks'!B16 -> 0
A12: =RANK(E12,$E$4:$E$12) -> 8 | B12: ='Match Predictions'!AG2 -> River | C12: ='Tournament Picks'!K17 -> 0 | D12: =SUM('Match Predictions'!AI4:AI107) -> 6 | E12: =C12+D12 -> 6 | F12: =COUNTIF('Match Predictions'!AI4:AI107,8) -> 0 | G12: =COUNTIF('Match Predictions'!AI4:AI107,">=3") -> 2 | H12: =IF(SUMPRODUCT(('Match Predictions'!AG4:AG107<>"")*('Match Predictions'!$G$4:$G$107<>""))=0,"",G12/SUMPRODUCT(('Match Predictions'!AG4:AG107<>"")*('Match Predictions'!$G$4:$G$107<>""))) -> 0.5 | I12: ='Tournament Picks'!B17 -> 0
